This is LuaHBTeX, Version 1.24.0 (TeX Live 2026)  (format=lualatex 2026.5.31)  1 JUN 2026 21:51
 system commands enabled.
 file:line:error style messages enabled.
**c:/Users/65717/Desktop/dlpforRK/compile-guide/guide.tex
(c:/Users/65717/Desktop/dlpforRK/compile-guide/guide.tex
LaTeX2e <2025-11-01>
L3 programming layer <2026-05-26>
Lua module: luaotfload 2024-12-03 v3.29 Lua based OpenType font support
Lua module: lualibs 2023-07-13 v2.76 ConTeXt Lua standard libraries.
Lua module: lualibs-extended 2023-07-13 v2.76 ConTeXt Lua libraries -- extended collection.
luaotfload | conf : Root cache directory is "C:/texlive/2026/texmf-var/luatex-cache/generic/names".
luaotfload | init : Loading fontloader "fontloader-2023-12-28.lua" from kpse-resolved path "c:/texlive/2026/texmf-dist/tex/luatex/luaotfload/fontloader-2023-12-28.lua".
Lua-only attribute luaotfload@noligature = 1
luaotfload | init : Context OpenType loader version 3.134
Inserting `luaotfload.node_processor' in `pre_linebreak_filter'.
Inserting `luaotfload.node_processor' in `hpack_filter'.
Inserting `luaotfload.glyph_stream' in `glyph_stream_provider'.
Inserting `luaotfload.define_font' in `define_font'.
Lua-only attribute luaotfload_color_attribute = 2
luaotfload | conf : Root cache directory is "C:/texlive/2026/texmf-var/luatex-cache/generic/names".
Inserting `luaotfload.harf.strip_prefix' in `find_opentype_file'.
Inserting `luaotfload.harf.strip_prefix' in `find_truetype_file'.
Removing  `luaotfload.glyph_stream' from `glyph_stream_provider'.
Inserting `luaotfload.harf.glyphstream' in `glyph_stream_provider'.
Inserting `luaotfload.harf.finalize_vlist' in `post_linebreak_filter'.
Inserting `luaotfload.harf.finalize_hlist' in `hpack_filter'.
Inserting `luaotfload.cleanup_files' in `wrapup_run'.
Inserting `luaotfload.harf.finalize_unicode' in `finish_pdffile'.
Inserting `luaotfload.glyphinfo' in `glyph_info'.
Lua-only attribute luaotfload.letterspace_done = 3
Inserting `luaotfload.aux.set_sscale_dimens' in `luaotfload.patch_font'.
Inserting `luaotfload.aux.set_font_index' in `luaotfload.patch_font'.
Inserting `luaotfload.aux.patch_cambria_domh' in `luaotfload.patch_font'.
Inserting `luaotfload.aux.fixup_fontdata' in `luaotfload.patch_font_unsafe'.
Inserting `luaotfload.aux.set_capheight' in `luaotfload.patch_font'.
Inserting `luaotfload.aux.set_xheight' in `luaotfload.patch_font'.
Inserting `luaotfload.rewrite_fontname' in `luaotfload.patch_font'.
Inserting `tracingstacklevels' in `input_level_string'. (c:/texlive/2026/texmf-dist/tex/latex/easybook/easybook.cls
Document Class: easybook 2025/08/01 v2025ae Easily typesetting Chinese theses or books
(c:/texlive/2026/texmf-dist/tex/latex/ctex/ctexbook.cls (c:/texlive/2026/texmf-dist/tex/latex/ctex/config/ctexbackend.cfg
File: ctexbackend.cfg 2022/07/14 v2.5.10 Backend configuration file (CTEX)
) (c:/texlive/2026/texmf-dist/tex/latex/l3kernel/expl3.sty
Package: expl3 2026-05-26 L3 programming layer (loader) 
 (c:/texlive/2026/texmf-dist/tex/latex/l3backend/l3backend-luatex.def
File: l3backend-luatex.def 2026-02-18 L3 backend support: PDF output (LuaTeX)
\l__color_backend_stack_int=\count274
Inserting `l3color' in `luaotfload.parse_color'.))
Document Class: ctexbook 2022/07/14 v2.5.10 Chinese adapter for class book (CTEX)
(c:/texlive/2026/texmf-dist/tex/latex/ctex/ctexhook.sty
Package: ctexhook 2022/07/14 v2.5.10 Document and package hooks (CTEX)
\c__ctex_package_cctab=\catcodetable14
) (c:/texlive/2026/texmf-dist/tex/latex/ctex/ctexpatch.sty
Package: ctexpatch 2022/07/14 v2.5.10 Patching commands (CTEX)
) (c:/texlive/2026/texmf-dist/tex/latex/base/fix-cm.sty
Package: fix-cm 2020/11/24 v1.1t fixes to LaTeX
 (c:/texlive/2026/texmf-dist/tex/latex/base/ts1enc.def
File: ts1enc.def 2001/06/05 v3.0e (jk/car/fm) Standard LaTeX file
LaTeX Font Info:    Redeclaring font encoding TS1 on input line 47.
LaTeX Encoding Info:    Redeclaring text command \capitalcedilla (encoding TS1) on input line 49.
LaTeX Encoding Info:    Redeclaring text command \capitalogonek (encoding TS1) on input line 52.
LaTeX Encoding Info:    Redeclaring text command \capitalgrave (encoding TS1) on input line 55.
LaTeX Encoding Info:    Redeclaring text command \capitalacute (encoding TS1) on input line 56.
LaTeX Encoding Info:    Redeclaring text command \capitalcircumflex (encoding TS1) on input line 57.
LaTeX Encoding Info:    Redeclaring text command \capitaltilde (encoding TS1) on input line 58.
LaTeX Encoding Info:    Redeclaring text command \capitaldieresis (encoding TS1) on input line 59.
LaTeX Encoding Info:    Redeclaring text command \capitalhungarumlaut (encoding TS1) on input line 60.
LaTeX Encoding Info:    Redeclaring text command \capitalring (encoding TS1) on input line 61.
LaTeX Encoding Info:    Redeclaring text command \capitalcaron (encoding TS1) on input line 62.
LaTeX Encoding Info:    Redeclaring text command \capitalbreve (encoding TS1) on input line 63.
LaTeX Encoding Info:    Redeclaring text command \capitalmacron (encoding TS1) on input line 64.
LaTeX Encoding Info:    Redeclaring text command \capitaldotaccent (encoding TS1) on input line 65.
LaTeX Encoding Info:    Redeclaring text command \t (encoding TS1) on input line 66.
LaTeX Encoding Info:    Redeclaring text command \capitaltie (encoding TS1) on input line 67.
LaTeX Encoding Info:    Redeclaring text command \newtie (encoding TS1) on input line 68.
LaTeX Encoding Info:    Redeclaring text command \capitalnewtie (encoding TS1) on input line 69.
LaTeX Encoding Info:    Redeclaring text symbol \textcapitalcompwordmark (encoding TS1) on input line 70.
LaTeX Encoding Info:    Redeclaring text symbol \textascendercompwordmark (encoding TS1) on input line 71.
LaTeX Encoding Info:    Redeclaring text symbol \textquotestraightbase (encoding TS1) on input line 72.
LaTeX Encoding Info:    Redeclaring text symbol \textquotestraightdblbase (encoding TS1) on input line 73.
LaTeX Encoding Info:    Redeclaring text symbol \texttwelveudash (encoding TS1) on input line 74.
LaTeX Encoding Info:    Redeclaring text symbol \textthreequartersemdash (encoding TS1) on input line 75.
LaTeX Encoding Info:    Redeclaring text symbol \textleftarrow (encoding TS1) on input line 76.
LaTeX Encoding Info:    Redeclaring text symbol \textrightarrow (encoding TS1) on input line 77.
LaTeX Encoding Info:    Redeclaring text symbol \textblank (encoding TS1) on input line 78.
LaTeX Encoding Info:    Redeclaring text symbol \textdollar (encoding TS1) on input line 79.
LaTeX Encoding Info:    Redeclaring text symbol \textquotesingle (encoding TS1) on input line 80.
LaTeX Encoding Info:    Redeclaring text command \textasteriskcentered (encoding TS1) on input line 81.
LaTeX Encoding Info:    Redeclaring text symbol \textdblhyphen (encoding TS1) on input line 92.
LaTeX Encoding Info:    Redeclaring text symbol \textfractionsolidus (encoding TS1) on input line 93.
LaTeX Encoding Info:    Redeclaring text symbol \textzerooldstyle (encoding TS1) on input line 94.
LaTeX Encoding Info:    Redeclaring text symbol \textoneoldstyle (encoding TS1) on input line 95.
LaTeX Encoding Info:    Redeclaring text symbol \texttwooldstyle (encoding TS1) on input line 96.
LaTeX Encoding Info:    Redeclaring text symbol \textthreeoldstyle (encoding TS1) on input line 97.
LaTeX Encoding Info:    Redeclaring text symbol \textfouroldstyle (encoding TS1) on input line 98.
LaTeX Encoding Info:    Redeclaring text symbol \textfiveoldstyle (encoding TS1) on input line 99.
LaTeX Encoding Info:    Redeclaring text symbol \textsixoldstyle (encoding TS1) on input line 100.
LaTeX Encoding Info:    Redeclaring text symbol \textsevenoldstyle (encoding TS1) on input line 101.
LaTeX Encoding Info:    Redeclaring text symbol \texteightoldstyle (encoding TS1) on input line 102.
LaTeX Encoding Info:    Redeclaring text symbol \textnineoldstyle (encoding TS1) on input line 103.
LaTeX Encoding Info:    Redeclaring text symbol \textlangle (encoding TS1) on input line 104.
LaTeX Encoding Info:    Redeclaring text symbol \textminus (encoding TS1) on input line 105.
LaTeX Encoding Info:    Redeclaring text symbol \textrangle (encoding TS1) on input line 106.
LaTeX Encoding Info:    Redeclaring text symbol \textmho (encoding TS1) on input line 107.
LaTeX Encoding Info:    Redeclaring text symbol \textbigcircle (encoding TS1) on input line 108.
LaTeX Encoding Info:    Redeclaring text command \textcircled (encoding TS1) on input line 109.
LaTeX Encoding Info:    Redeclaring text symbol \textohm (encoding TS1) on input line 115.
LaTeX Encoding Info:    Redeclaring text symbol \textlbrackdbl (encoding TS1) on input line 116.
LaTeX Encoding Info:    Redeclaring text symbol \textrbrackdbl (encoding TS1) on input line 117.
LaTeX Encoding Info:    Redeclaring text symbol \textuparrow (encoding TS1) on input line 118.
LaTeX Encoding Info:    Redeclaring text symbol \textdownarrow (encoding TS1) on input line 119.
LaTeX Encoding Info:    Redeclaring text symbol \textasciigrave (encoding TS1) on input line 120.
LaTeX Encoding Info:    Redeclaring text symbol \textborn (encoding TS1) on input line 121.
LaTeX Encoding Info:    Redeclaring text symbol \textdivorced (encoding TS1) on input line 122.
LaTeX Encoding Info:    Redeclaring text symbol \textdied (encoding TS1) on input line 123.
LaTeX Encoding Info:    Redeclaring text symbol \textleaf (encoding TS1) on input line 124.
LaTeX Encoding Info:    Redeclaring text symbol \textmarried (encoding TS1) on input line 125.
LaTeX Encoding Info:    Redeclaring text symbol \textmusicalnote (encoding TS1) on input line 126.
LaTeX Encoding Info:    Redeclaring text symbol \texttildelow (encoding TS1) on input line 127.
LaTeX Encoding Info:    Redeclaring text symbol \textdblhyphenchar (encoding TS1) on input line 128.
LaTeX Encoding Info:    Redeclaring text symbol \textasciibreve (encoding TS1) on input line 129.
LaTeX Encoding Info:    Redeclaring text symbol \textasciicaron (encoding TS1) on input line 130.
LaTeX Encoding Info:    Redeclaring text symbol \textacutedbl (encoding TS1) on input line 131.
LaTeX Encoding Info:    Redeclaring text symbol \textgravedbl (encoding TS1) on input line 132.
LaTeX Encoding Info:    Redeclaring text symbol \textdagger (encoding TS1) on input line 133.
LaTeX Encoding Info:    Redeclaring text symbol \textdaggerdbl (encoding TS1) on input line 134.
LaTeX Encoding Info:    Redeclaring text symbol \textbardbl (encoding TS1) on input line 135.
LaTeX Encoding Info:    Redeclaring text symbol \textperthousand (encoding TS1) on input line 136.
LaTeX Encoding Info:    Redeclaring text symbol \textbullet (encoding TS1) on input line 137.
LaTeX Encoding Info:    Redeclaring text symbol \textcelsius (encoding TS1) on input line 138.
LaTeX Encoding Info:    Redeclaring text symbol \textdollaroldstyle (encoding TS1) on input line 139.
LaTeX Encoding Info:    Redeclaring text symbol \textcentoldstyle (encoding TS1) on input line 140.
LaTeX Encoding Info:    Redeclaring text symbol \textflorin (encoding TS1) on input line 141.
LaTeX Encoding Info:    Redeclaring text symbol \textcolonmonetary (encoding TS1) on input line 142.
LaTeX Encoding Info:    Redeclaring text symbol \textwon (encoding TS1) on input line 143.
LaTeX Encoding Info:    Redeclaring text symbol \textnaira (encoding TS1) on input line 144.
LaTeX Encoding Info:    Redeclaring text symbol \textguarani (encoding TS1) on input line 145.
LaTeX Encoding Info:    Redeclaring text symbol \textpeso (encoding TS1) on input line 146.
LaTeX Encoding Info:    Redeclaring text symbol \textlira (encoding TS1) on input line 147.
LaTeX Encoding Info:    Redeclaring text symbol \textrecipe (encoding TS1) on input line 148.
LaTeX Encoding Info:    Redeclaring text symbol \textinterrobang (encoding TS1) on input line 149.
LaTeX Encoding Info:    Redeclaring text symbol \textinterrobangdown (encoding TS1) on input line 150.
LaTeX Encoding Info:    Redeclaring text symbol \textdong (encoding TS1) on input line 151.
LaTeX Encoding Info:    Redeclaring text symbol \texttrademark (encoding TS1) on input line 152.
LaTeX Encoding Info:    Redeclaring text symbol \textpertenthousand (encoding TS1) on input line 153.
LaTeX Encoding Info:    Redeclaring text symbol \textpilcrow (encoding TS1) on input line 154.
LaTeX Encoding Info:    Redeclaring text symbol \textbaht (encoding TS1) on input line 155.
LaTeX Encoding Info:    Redeclaring text symbol \textnumero (encoding TS1) on input line 156.
LaTeX Encoding Info:    Redeclaring text symbol \textdiscount (encoding TS1) on input line 157.
LaTeX Encoding Info:    Redeclaring text symbol \textestimated (encoding TS1) on input line 158.
LaTeX Encoding Info:    Redeclaring text symbol \textopenbullet (encoding TS1) on input line 159.
LaTeX Encoding Info:    Redeclaring text symbol \textservicemark (encoding TS1) on input line 160.
LaTeX Encoding Info:    Redeclaring text symbol \textlquill (encoding TS1) on input line 161.
LaTeX Encoding Info:    Redeclaring text symbol \textrquill (encoding TS1) on input line 162.
LaTeX Encoding Info:    Redeclaring text symbol \textcent (encoding TS1) on input line 163.
LaTeX Encoding Info:    Redeclaring text symbol \textsterling (encoding TS1) on input line 164.
LaTeX Encoding Info:    Redeclaring text symbol \textcurrency (encoding TS1) on input line 165.
LaTeX Encoding Info:    Redeclaring text symbol \textyen (encoding TS1) on input line 166.
LaTeX Encoding Info:    Redeclaring text symbol \textbrokenbar (encoding TS1) on input line 167.
LaTeX Encoding Info:    Redeclaring text symbol \textsection (encoding TS1) on input line 168.
LaTeX Encoding Info:    Redeclaring text symbol \textasciidieresis (encoding TS1) on input line 169.
LaTeX Encoding Info:    Redeclaring text symbol \textcopyright (encoding TS1) on input line 170.
LaTeX Encoding Info:    Redeclaring text symbol \textordfeminine (encoding TS1) on input line 171.
LaTeX Encoding Info:    Redeclaring text symbol \textcopyleft (encoding TS1) on input line 172.
LaTeX Encoding Info:    Redeclaring text symbol \textlnot (encoding TS1) on input line 173.
LaTeX Encoding Info:    Redeclaring text symbol \textcircledP (encoding TS1) on input line 174.
LaTeX Encoding Info:    Redeclaring text symbol \textregistered (encoding TS1) on input line 175.
LaTeX Encoding Info:    Redeclaring text symbol \textasciimacron (encoding TS1) on input line 176.
LaTeX Encoding Info:    Redeclaring text symbol \textdegree (encoding TS1) on input line 177.
LaTeX Encoding Info:    Redeclaring text symbol \textpm (encoding TS1) on input line 178.
LaTeX Encoding Info:    Redeclaring text symbol \texttwosuperior (encoding TS1) on input line 179.
LaTeX Encoding Info:    Redeclaring text symbol \textthreesuperior (encoding TS1) on input line 180.
LaTeX Encoding Info:    Redeclaring text symbol \textasciiacute (encoding TS1) on input line 181.
LaTeX Encoding Info:    Redeclaring text symbol \textmu (encoding TS1) on input line 182.
LaTeX Encoding Info:    Redeclaring text symbol \textparagraph (encoding TS1) on input line 183.
LaTeX Encoding Info:    Redeclaring text symbol \textperiodcentered (encoding TS1) on input line 184.
LaTeX Encoding Info:    Redeclaring text symbol \textreferencemark (encoding TS1) on input line 185.
LaTeX Encoding Info:    Redeclaring text symbol \textonesuperior (encoding TS1) on input line 186.
LaTeX Encoding Info:    Redeclaring text symbol \textordmasculine (encoding TS1) on input line 187.
LaTeX Encoding Info:    Redeclaring text symbol \textsurd (encoding TS1) on input line 188.
LaTeX Encoding Info:    Redeclaring text symbol \textonequarter (encoding TS1) on input line 189.
LaTeX Encoding Info:    Redeclaring text symbol \textonehalf (encoding TS1) on input line 190.
LaTeX Encoding Info:    Redeclaring text symbol \textthreequarters (encoding TS1) on input line 191.
LaTeX Encoding Info:    Redeclaring text symbol \texteuro (encoding TS1) on input line 192.
LaTeX Encoding Info:    Redeclaring text symbol \texttimes (encoding TS1) on input line 193.
LaTeX Encoding Info:    Redeclaring text symbol \textdiv (encoding TS1) on input line 194.
))
\l__ctex_tmp_int=\count275
\l__ctex_tmp_box=\box53
\l__ctex_tmp_dim=\dimen149
\g__ctex_section_depth_int=\count276
\g__ctex_font_size_int=\count277
\g__cctab_next_cctab=\catcodetable15
 (c:/texlive/2026/texmf-dist/tex/latex/ctex/config/ctexopts.cfg
File: ctexopts.cfg 2022/07/14 v2.5.10 Option configuration file (CTEX)
) (c:/texlive/2026/texmf-dist/tex/latex/base/book.cls
Document Class: book 2025/01/22 v1.4n Standard LaTeX document class
(c:/texlive/2026/texmf-dist/tex/latex/base/bk10.clo
File: bk10.clo 2025/01/22 v1.4n Standard LaTeX file (size option)
luaotfload | db : Font names database loaded from C:/texlive/2026/texmf-var/luatex-cache/generic/names/luaotfload-names.luc.gz)
\c@part=\count278
\c@chapter=\count279
\c@section=\count280
\c@subsection=\count281
\c@subsubsection=\count282
\c@paragraph=\count283
\c@subparagraph=\count284
\c@figure=\count285
\c@table=\count286
\abovecaptionskip=\skip49
\belowcaptionskip=\skip50
\bibindent=\dimen150
) (c:/texlive/2026/texmf-dist/tex/latex/ctex/engine/ctex-engine-luatex.def
File: ctex-engine-luatex.def 2022/07/14 v2.5.10 LuaLaTeX adapter (CTEX)
 (c:/texlive/2026/texmf-dist/tex/luatex/luatexja/luatexja.sty
Package: luatexja 2026-05-17 Japanese Typesetting with Lua(La)TeX
 (c:/texlive/2026/texmf-dist/tex/luatex/luatexja/luatexja-core.sty
Package: luatexja-core 2023-10-07 Core of LuaTeX-ja
 (c:/texlive/2026/texmf-dist/tex/generic/infwarerr/infwarerr.sty
Package: infwarerr 2019/12/03 v1.5 Providing info/warning/error messages (HO)
) (c:/texlive/2026/texmf-dist/tex/luatex/luatexbase/luatexbase.sty
Package: luatexbase 2015/10/04 v1.3 luatexbase interface to LuaTeX 
 (c:/texlive/2026/texmf-dist/tex/luatex/ctablestack/ctablestack.sty
Package: ctablestack 2015/10/01 v1.0 Catcode table stable support
\@catcodetablestackcnt=\count287
)
\CatcodeTableOther=\catcodetable16
\CatcodeTableExpl=\catcodetable17
) (c:/texlive/2026/texmf-dist/tex/generic/ltxcmds/ltxcmds.sty
Package: ltxcmds 2023-12-04 v1.26 LaTeX kernel commands for general use (HO)
) (c:/texlive/2026/texmf-dist/tex/generic/pdftexcmds/pdftexcmds.sty
Package: pdftexcmds 2020-06-27 v0.33 Utility functions of pdfTeX for LuaTeX (HO)
 (c:/texlive/2026/texmf-dist/tex/generic/iftex/iftex.sty
Package: iftex 2024/12/12 v1.0g TeX engine tests
)
Package pdftexcmds Info: \pdf@primitive is available.
Package pdftexcmds Info: \pdf@ifprimitive is available.
Package pdftexcmds Info: \pdfdraftmode found.
\pdftexcmds@toks=\toks17
) (c:/texlive/2026/texmf-dist/tex/latex/xkeyval/xkeyval.sty
Package: xkeyval 2025/11/04 v2.10 package option processing (HA)
 (c:/texlive/2026/texmf-dist/tex/generic/xkeyval/xkeyval.tex (c:/texlive/2026/texmf-dist/tex/generic/xkeyval/xkvutils.tex
\XKV@toks=\toks18
\XKV@tempa@toks=\toks19
\XKV@tempb@toks=\toks20
 (c:/texlive/2026/texmf-dist/tex/generic/xkeyval/keyval.tex))
\XKV@depth=\count288
File: xkeyval.tex 2014/12/03 v2.7a key=value parser (HA)
)) (c:/texlive/2026/texmf-dist/tex/latex/etoolbox/etoolbox.sty
Package: etoolbox 2025/10/02 v2.5m e-TeX tools for LaTeX (JAW)
\etb@tempcnta=\count289
) (c:/texlive/2026/texmf-dist/tex/latex/everyhook/everyhook.sty (c:/texlive/2026/texmf-dist/tex/latex/svn-prov/svn-prov.sty
Package: svn-prov 2010/04/24 v3.1862 Package Date/Version from SVN Keywords
)
Package: everyhook 2014/11/26 v1.2 (SVN Rev: 12)\ Hooks for low level TeX everyX primitives.
\everypar=\toks21
\frozen@everymath=\toks22
\frozen@everydisplay=\toks23
\everyhbox=\toks24
\everyvbox=\toks25
\everycr=\toks26
)
\ltjlineendcomment=\count290
\ltj@dimen@zw=\dimen151
\ltj@dimen@zh=\dimen152
\ltj@dimen@jQ=\dimen153
\ltj@icflag=\attribute4
\ltj@curjfnt=\attribute5
\ltj@curtfnt=\attribute6
\ltj@charclass=\attribute7
\ltj@charcode=\attribute8
\ltj@autospc=\attribute9
\ltj@autoxspc=\attribute10
\ltj@yablshift=\attribute11
\ltj@ykblshift=\attribute12
\ltj@tablshift=\attribute13
\ltj@tkblshift=\attribute14
\jfam=\attribute15
\ltj@vert@ori=\attribute16
\ltj@dir=\attribute17
\ltj@@japanese=\language2
\ltj@tempcnta=\count291
\ltj@tempdima=\dimen154
\ltj@@stack=\count292
\ltj@@group@level=\count293
\ltj@kcat0=\attribute18
\ltj@kcat1=\attribute19
\ltj@kcat2=\attribute20
\ltj@kcat3=\attribute21
\ltj@kcat4=\attribute22
\ltj@kcat5=\attribute23
\ltj@kcat6=\attribute24
Custom whatsit inhibitglue = 1
Custom whatsit stack_marker = 2
Custom whatsit begin_par = 3
Custom whatsit direction = 4
Custom whatsit box_boundary = 5
Custom whatsit ja_al_boundary = 6
Module luatexbase Info: Uninstalling kernel luatexbase code on input line 184
(load cache: ltj-cid-auto-adobe-japan1.luc)
Lua module: luatexja.charrange 2022-08-19 Handling the range of Japanese characters
Lua module: luatexja.stack 2022-08-20 LuaTeX-ja stack system
Inserting `ltj.create_dir_whatsit' in `hpack_filter'.
Inserting `ltj.create_dir_whatsit' in `post_linebreak_filter'.
Inserting `ltj.direction' in `vpack_filter'.
Inserting `ltj.direction' in `pre_output_filter'.
Inserting `ltj.lineskip' in `post_linebreak_filter'.
Inserting `ltj.lineskip' in `append_to_vlist_filter'.
Lua module: luatexja.jfont 2025-05-04 Loader for Japanese fonts
Removing  `luaotfload.define_font' from `define_font'.
Inserting `luatexja.font_callback' in `define_font'.
Removing  `luaotfload.aux.set_sscale_dimens' from `luaotfload.patch_font'.
Removing  `luaotfload.aux.set_font_index' from `luaotfload.patch_font'.
Removing  `luaotfload.aux.patch_cambria_domh' from `luaotfload.patch_font'.
Removing  `luaotfload.aux.set_capheight' from `luaotfload.patch_font'.
Removing  `luaotfload.aux.set_xheight' from `luaotfload.patch_font'.
Removing  `luaotfload.rewrite_fontname' from `luaotfload.patch_font'.
Inserting `ltj.prepare_extra_data' in `luaotfload.patch_font'.
Inserting `luaotfload.aux.set_sscale_dimens' in `luaotfload.patch_font'.
Inserting `luaotfload.aux.set_font_index' in `luaotfload.patch_font'.
Inserting `luaotfload.aux.patch_cambria_domh' in `luaotfload.patch_font'.
Inserting `luaotfload.aux.set_capheight' in `luaotfload.patch_font'.
Inserting `luaotfload.aux.set_xheight' in `luaotfload.patch_font'.
Inserting `luaotfload.rewrite_fontname' in `luaotfload.patch_font'.
Inserting `ltj.prepare_extra_data' in `luatexja.define_font'.(load cache: extra_lmroman10-regular.luc)
Inserting `ltj.get_vert_form' in `luatexja.define_jfont'.
Removing  `ltj.prepare_extra_data' from `luaotfload.patch_font'.
Removing  `luaotfload.aux.set_sscale_dimens' from `luaotfload.patch_font'.
Removing  `luaotfload.aux.set_font_index' from `luaotfload.patch_font'.
Removing  `luaotfload.aux.patch_cambria_domh' from `luaotfload.patch_font'.
Removing  `luaotfload.aux.set_capheight' from `luaotfload.patch_font'.
Removing  `luaotfload.aux.set_xheight' from `luaotfload.patch_font'.
Removing  `luaotfload.rewrite_fontname' from `luaotfload.patch_font'.
Inserting `ltj.supply_tounicode' in `luaotfload.patch_font'.
Inserting `ltj.prepare_extra_data' in `luaotfload.patch_font'.
Inserting `luaotfload.aux.set_sscale_dimens' in `luaotfload.patch_font'.
Inserting `luaotfload.aux.set_font_index' in `luaotfload.patch_font'.
Inserting `luaotfload.aux.patch_cambria_domh' in `luaotfload.patch_font'.
Inserting `luaotfload.aux.set_capheight' in `luaotfload.patch_font'.
Inserting `luaotfload.aux.set_xheight' in `luaotfload.patch_font'.
Inserting `luaotfload.rewrite_fontname' in `luaotfload.patch_font'.
Inserting `ltj.process_input_buffer' in `process_input_buffer'.
Inserting `ltj.hyphenate' in `hyphenate'.
Removing  `luaotfload.node_processor' from `hpack_filter'.
Removing  `luaotfload.harf.finalize_hlist' from `hpack_filter'.
Removing  `ltj.create_dir_whatsit' from `hpack_filter'.
Inserting `ltj.set_stack_level' in `hpack_filter'.
Inserting `luaotfload.node_processor' in `hpack_filter'.
Inserting `luaotfload.harf.finalize_hlist' in `hpack_filter'.
Inserting `ltj.create_dir_whatsit' in `hpack_filter'.
Removing  `luaotfload.node_processor' from `pre_linebreak_filter'.
Inserting `ltj.set_stack_level' in `pre_linebreak_filter'.
Inserting `luaotfload.node_processor' in `pre_linebreak_filter'.
Lua module: luatexja.jfmglue 2026-01-07 Insertion process of JFM glues, [x]kanjiskip and others
Inserting `luatexja.beginpar.np_info' in `luatexja.jfmglue.whatsit_getinfo'.
Inserting `luatexja.beginpar.np_info_after' in `luatexja.jfmglue.whatsit_after'.
Inserting `ltj.mlist_to_hlist_pre' in `pre_mlist_to_hlist_filter'.
Inserting `ltj.main' in `pre_linebreak_filter'.
Removing  `luaotfload.harf.finalize_hlist' from `hpack_filter'.
Removing  `ltj.create_dir_whatsit' from `hpack_filter'.
Inserting `ltj.main' in `hpack_filter'.
Inserting `luaotfload.harf.finalize_hlist' in `hpack_filter'.
Inserting `ltj.create_dir_whatsit' in `hpack_filter'.
Removing  `ltj.set_stack_level' from `pre_linebreak_filter'.
Removing  `luaotfload.node_processor' from `pre_linebreak_filter'.
Removing  `ltj.main' from `pre_linebreak_filter'.
Inserting `ltj.adjust_icflag' in `pre_linebreak_filter'.
Inserting `ltj.set_stack_level' in `pre_linebreak_filter'.
Inserting `luaotfload.node_processor' in `pre_linebreak_filter'.
Inserting `ltj.main' in `pre_linebreak_filter'.
Removing  `ltj.set_stack_level' from `hpack_filter'.
Removing  `luaotfload.node_processor' from `hpack_filter'.
Removing  `ltj.main' from `hpack_filter'.
Removing  `luaotfload.harf.finalize_hlist' from `hpack_filter'.
Removing  `ltj.create_dir_whatsit' from `hpack_filter'.
Inserting `ltj.adjust_icflag' in `hpack_filter'.
Inserting `ltj.set_stack_level' in `hpack_filter'.
Inserting `luaotfload.node_processor' in `hpack_filter'.
Inserting `ltj.main' in `hpack_filter'.
Inserting `luaotfload.harf.finalize_hlist' in `hpack_filter'.
Inserting `ltj.create_dir_whatsit' in `hpack_filter'. (c:/texlive/2026/texmf-dist/tex/luatex/luatexja/ltj-base.sty
Package: ltj-base 2021-03-16
\ltj@tempcntb=\count294
\ltj@tempcntc=\count295
\ltj@afbox=\box54
)
\ltj@@italic@inner=\luafunction31
\ltj@@start@time@measure@inner=\luafunction32
\ltj@@stop@time@measure@inner=\luafunction33
\ltj@@jfont@inner=\luafunction34
\ltj@zw@inner=\luafunction35
\ltj@zh@inner=\luafunction36
\ltj@reset@globaldefs@inner=\luafunction37
\ltj@restore@globaldefs@inner=\luafunction38
\ltj@@disihb@inner=\luafunction39
\ltj@@ihb@inner=\luafunction40
\ltj@@fakeparbegin@inner=\luafunction41
\ltj@@fakeboxbdd@inner=\luafunction42
\ltj@@ins@xk@inner=\luafunction43
\ltj@@ins@k@inner=\luafunction44
\ltjsetkanjiskip@inner=\luafunction45
\ltjsetxkanjiskip@inner=\luafunction46
\ltj@@getparam@one@inner=\luafunction47
\ltj@alljachar@inner=\luafunction48
\ltj@@lua@populate@insertwhatsit@inner=\luafunction49
\ltj@@vadjust@begin@inner=\luafunction50
\ltj@@vadjust@dirhook@inner=\luafunction51
\ltj@@vadjust@check@dir@inner=\luafunction52
\ltj@@box@dirhook@inner=\luafunction53
\ltj@@reset@badness@inner=\luafunction54
\ltj@@lua@raisebox@inner=\luafunction55
\ltj@@vsplit@inner=\luafunction56
\ltj@@lua@unboxcheckdir@inner=\luafunction57
\ltj@@lua@uncopycheckdir@inner=\luafunction58
\ltj@@lua@uncopy@restore@whatsit@inner=\luafunction59
(load cache: ltj-kinsoku_default.luc)

Package ctexhook Info: Package `ltj-latex' can not be loaded with `ctexbook'.

LaTeX Info: Package 'ltj-latex.sty' has been disabled.
            Load request ignored on input line 780.
\ltj@temp@cctb=\catcodetable18
) (c:/texlive/2026/texmf-dist/tex/luatex/luatexja/luatexja-compat.sty
Package: luatexja-compat 2025-09-21 Compatibility with pTeX
(load cache: ltj-jisx0208.luc)
\hour=\count296
\minute=\count297
)) (c:/texlive/2026/texmf-dist/tex/latex/fontspec/fontspec.sty (c:/texlive/2026/texmf-dist/tex/latex/l3packages/xparse/xparse.sty
Package: xparse 2025-10-09 L3 Experimental document command parser
)
Package: fontspec 2025/09/29 v2.9g Font selection for XeLaTeX and LuaLaTeX
Lua module: fontspec 2025/09/29 v2.9g Font selection for XeLaTeX and LuaLaTeX (c:/texlive/2026/texmf-dist/tex/latex/fontspec/fontspec-luatex.sty
Package: fontspec-luatex 2025/09/29 v2.9g Font selection for XeLaTeX and LuaLaTeX
\l__fontspec_script_int=\count298
\l__fontspec_language_int=\count299
\l__fontspec_strnum_int=\count300
\l__fontspec_tmp_int=\count301
\l__fontspec_tmpa_int=\count302
\l__fontspec_tmpb_int=\count303
\l__fontspec_tmpc_int=\count304
\l__fontspec_em_int=\count305
\l__fontspec_emdef_int=\count306
\l__fontspec_strong_int=\count307
\l__fontspec_strongdef_int=\count308
\l__fontspec_tmpa_dim=\dimen155
\l__fontspec_tmpb_dim=\dimen156
\l__fontspec_tmpc_dim=\dimen157
 (c:/texlive/2026/texmf-dist/tex/latex/base/fontenc.sty
Package: fontenc 2025/07/18 v2.1d Standard LaTeX package
) (c:/texlive/2026/texmf-dist/tex/latex/fontspec/fontspec.cfg)(load cache: extra_lmroman10-bold.luc)))
\g__cctab_next_cctab=\catcodetable19
 (c:/texlive/2026/texmf-dist/tex/latex/base/tuenc.def
File: tuenc.def 2025/07/18 v2.1d Standard LaTeX file
\@remove@tlig@@@=\luafunction60
LaTeX Font Info:    Redeclaring font encoding TU on input line 105.
LaTeX Encoding Info:    Redeclaring text command \textquotesingle (encoding TU) on input line 148.
LaTeX Encoding Info:    Redeclaring text command \textasciigrave (encoding TU) on input line 149.
LaTeX Encoding Info:    Redeclaring text command \textquotedbl (encoding TU) on input line 150.
LaTeX Encoding Info:    Redeclaring text symbol \textdollar (encoding TU) on input line 151.
LaTeX Encoding Info:    Redeclaring text symbol \textless (encoding TU) on input line 152.
LaTeX Encoding Info:    Redeclaring text symbol \textgreater (encoding TU) on input line 153.
LaTeX Encoding Info:    Redeclaring text symbol \textbackslash (encoding TU) on input line 154.
LaTeX Encoding Info:    Redeclaring text symbol \textasciicircum (encoding TU) on input line 155.
LaTeX Encoding Info:    Redeclaring text symbol \textunderscore (encoding TU) on input line 156.
LaTeX Encoding Info:    Redeclaring text symbol \textbraceleft (encoding TU) on input line 157.
LaTeX Encoding Info:    Redeclaring text symbol \textbar (encoding TU) on input line 158.
LaTeX Encoding Info:    Redeclaring text symbol \textbraceright (encoding TU) on input line 159.
LaTeX Encoding Info:    Redeclaring text symbol \textasciitilde (encoding TU) on input line 160.
LaTeX Encoding Info:    Redeclaring text symbol \textexclamdown (encoding TU) on input line 161.
LaTeX Encoding Info:    Redeclaring text symbol \textcent (encoding TU) on input line 162.
LaTeX Encoding Info:    Redeclaring text symbol \textsterling (encoding TU) on input line 163.
LaTeX Encoding Info:    Redeclaring text symbol \textcurrency (encoding TU) on input line 164.
LaTeX Encoding Info:    Redeclaring text symbol \textyen (encoding TU) on input line 165.
LaTeX Encoding Info:    Redeclaring text symbol \textbrokenbar (encoding TU) on input line 166.
LaTeX Encoding Info:    Redeclaring text symbol \textsection (encoding TU) on input line 167.
LaTeX Encoding Info:    Redeclaring text symbol \textasciidieresis (encoding TU) on input line 168.
LaTeX Encoding Info:    Redeclaring text symbol \textcopyright (encoding TU) on input line 169.
LaTeX Encoding Info:    Redeclaring text symbol \textordfeminine (encoding TU) on input line 170.
LaTeX Encoding Info:    Redeclaring text symbol \guillemetleft (encoding TU) on input line 171.
LaTeX Encoding Info:    Redeclaring text symbol \guillemotleft (encoding TU) on input line 172.
LaTeX Encoding Info:    Redeclaring text symbol \textlnot (encoding TU) on input line 173.
LaTeX Encoding Info:    Redeclaring text symbol \textregistered (encoding TU) on input line 174.
LaTeX Encoding Info:    Redeclaring text symbol \textasciimacron (encoding TU) on input line 175.
LaTeX Encoding Info:    Redeclaring text symbol \textdegree (encoding TU) on input line 176.
LaTeX Encoding Info:    Redeclaring text symbol \textpm (encoding TU) on input line 177.
LaTeX Encoding Info:    Redeclaring text symbol \texttwosuperior (encoding TU) on input line 178.
LaTeX Encoding Info:    Redeclaring text symbol \textthreesuperior (encoding TU) on input line 179.
LaTeX Encoding Info:    Redeclaring text symbol \textasciiacute (encoding TU) on input line 180.
LaTeX Encoding Info:    Redeclaring text symbol \textmu (encoding TU) on input line 181.
LaTeX Encoding Info:    Redeclaring text symbol \textparagraph (encoding TU) on input line 182.
LaTeX Encoding Info:    Redeclaring text symbol \textperiodcentered (encoding TU) on input line 183.
LaTeX Encoding Info:    Redeclaring text symbol \textonesuperior (encoding TU) on input line 184.
LaTeX Encoding Info:    Redeclaring text symbol \textordmasculine (encoding TU) on input line 185.
LaTeX Encoding Info:    Redeclaring text symbol \guillemetright (encoding TU) on input line 186.
LaTeX Encoding Info:    Redeclaring text symbol \guillemotright (encoding TU) on input line 187.
LaTeX Encoding Info:    Redeclaring text symbol \textonequarter (encoding TU) on input line 188.
LaTeX Encoding Info:    Redeclaring text symbol \textonehalf (encoding TU) on input line 189.
LaTeX Encoding Info:    Redeclaring text symbol \textthreequarters (encoding TU) on input line 190.
LaTeX Encoding Info:    Redeclaring text symbol \textquestiondown (encoding TU) on input line 191.
LaTeX Encoding Info:    Redeclaring text symbol \AE (encoding TU) on input line 192.
LaTeX Encoding Info:    Redeclaring text symbol \DH (encoding TU) on input line 193.
LaTeX Encoding Info:    Redeclaring text symbol \texttimes (encoding TU) on input line 194.
LaTeX Encoding Info:    Redeclaring text symbol \O (encoding TU) on input line 195.
LaTeX Encoding Info:    Redeclaring text symbol \TH (encoding TU) on input line 196.
LaTeX Encoding Info:    Redeclaring text symbol \ss (encoding TU) on input line 197.
LaTeX Encoding Info:    Redeclaring text symbol \ae (encoding TU) on input line 198.
LaTeX Encoding Info:    Redeclaring text symbol \dh (encoding TU) on input line 199.
LaTeX Encoding Info:    Redeclaring text symbol \textdiv (encoding TU) on input line 200.
LaTeX Encoding Info:    Redeclaring text symbol \o (encoding TU) on input line 201.
LaTeX Encoding Info:    Redeclaring text symbol \th (encoding TU) on input line 202.
LaTeX Encoding Info:    Redeclaring text symbol \DJ (encoding TU) on input line 203.
LaTeX Encoding Info:    Redeclaring text symbol \dj (encoding TU) on input line 204.
LaTeX Encoding Info:    Redeclaring text symbol \i (encoding TU) on input line 205.
LaTeX Encoding Info:    Redeclaring text symbol \IJ (encoding TU) on input line 206.
LaTeX Encoding Info:    Redeclaring text symbol \ij (encoding TU) on input line 207.
LaTeX Encoding Info:    Redeclaring text symbol \L (encoding TU) on input line 208.
LaTeX Encoding Info:    Redeclaring text symbol \l (encoding TU) on input line 209.
LaTeX Encoding Info:    Redeclaring text symbol \NG (encoding TU) on input line 210.
LaTeX Encoding Info:    Redeclaring text symbol \ng (encoding TU) on input line 211.
LaTeX Encoding Info:    Redeclaring text symbol \OE (encoding TU) on input line 212.
LaTeX Encoding Info:    Redeclaring text symbol \oe (encoding TU) on input line 213.
LaTeX Encoding Info:    Redeclaring text symbol \textflorin (encoding TU) on input line 214.
LaTeX Encoding Info:    Redeclaring text symbol \j (encoding TU) on input line 215.
LaTeX Encoding Info:    Redeclaring text symbol \textasciicaron (encoding TU) on input line 216.
LaTeX Encoding Info:    Redeclaring text symbol \textasciibreve (encoding TU) on input line 217.
LaTeX Encoding Info:    Redeclaring text symbol \textacutedbl (encoding TU) on input line 218.
LaTeX Encoding Info:    Redeclaring text symbol \textgravedbl (encoding TU) on input line 219.
LaTeX Encoding Info:    Redeclaring text symbol \texttildelow (encoding TU) on input line 220.
LaTeX Encoding Info:    Redeclaring text symbol \textbaht (encoding TU) on input line 221.
LaTeX Encoding Info:    Redeclaring text symbol \SS (encoding TU) on input line 222.
LaTeX Encoding Info:    Redeclaring text symbol \textcompwordmark (encoding TU) on input line 223.
LaTeX Encoding Info:    Redeclaring text symbol \textendash (encoding TU) on input line 224.
LaTeX Encoding Info:    Redeclaring text symbol \textemdash (encoding TU) on input line 225.
LaTeX Encoding Info:    Redeclaring text command \textnonbreakinghyphen (encoding TU) on input line 226.
LaTeX Encoding Info:    Redeclaring text command \textfiguredash (encoding TU) on input line 228.
LaTeX Encoding Info:    Redeclaring text command \texthorizontalbar (encoding TU) on input line 230.
LaTeX Encoding Info:    Redeclaring text symbol \textbardbl (encoding TU) on input line 232.
LaTeX Encoding Info:    Redeclaring text symbol \textquoteleft (encoding TU) on input line 233.
LaTeX Encoding Info:    Redeclaring text symbol \textquoteright (encoding TU) on input line 234.
LaTeX Encoding Info:    Redeclaring text symbol \quotesinglbase (encoding TU) on input line 235.
LaTeX Encoding Info:    Redeclaring text symbol \textquotedblleft (encoding TU) on input line 236.
LaTeX Encoding Info:    Redeclaring text symbol \textquotedblright (encoding TU) on input line 237.
LaTeX Encoding Info:    Redeclaring text symbol \quotedblbase (encoding TU) on input line 238.
LaTeX Encoding Info:    Redeclaring text symbol \textdagger (encoding TU) on input line 239.
LaTeX Encoding Info:    Redeclaring text symbol \textdaggerdbl (encoding TU) on input line 240.
LaTeX Encoding Info:    Redeclaring text symbol \textbullet (encoding TU) on input line 241.
LaTeX Encoding Info:    Redeclaring text symbol \textellipsis (encoding TU) on input line 242.
LaTeX Encoding Info:    Redeclaring text symbol \textperthousand (encoding TU) on input line 243.
LaTeX Encoding Info:    Redeclaring text symbol \textpertenthousand (encoding TU) on input line 244.
LaTeX Encoding Info:    Redeclaring text symbol \guilsinglleft (encoding TU) on input line 245.
LaTeX Encoding Info:    Redeclaring text symbol \guilsinglright (encoding TU) on input line 246.
LaTeX Encoding Info:    Redeclaring text symbol \textreferencemark (encoding TU) on input line 247.
LaTeX Encoding Info:    Redeclaring text symbol \textinterrobang (encoding TU) on input line 248.
LaTeX Encoding Info:    Redeclaring text symbol \textfractionsolidus (encoding TU) on input line 249.
LaTeX Encoding Info:    Redeclaring text symbol \textlquill (encoding TU) on input line 250.
LaTeX Encoding Info:    Redeclaring text symbol \textrquill (encoding TU) on input line 251.
LaTeX Encoding Info:    Redeclaring text symbol \textdiscount (encoding TU) on input line 252.
LaTeX Encoding Info:    Redeclaring text symbol \textcolonmonetary (encoding TU) on input line 253.
LaTeX Encoding Info:    Redeclaring text symbol \textlira (encoding TU) on input line 254.
LaTeX Encoding Info:    Redeclaring text symbol \textnaira (encoding TU) on input line 255.
LaTeX Encoding Info:    Redeclaring text symbol \textwon (encoding TU) on input line 256.
LaTeX Encoding Info:    Redeclaring text symbol \textdong (encoding TU) on input line 257.
LaTeX Encoding Info:    Redeclaring text symbol \texteuro (encoding TU) on input line 258.
LaTeX Encoding Info:    Redeclaring text symbol \textpeso (encoding TU) on input line 259.
LaTeX Encoding Info:    Redeclaring text symbol \textcelsius (encoding TU) on input line 260.
LaTeX Encoding Info:    Redeclaring text symbol \textnumero (encoding TU) on input line 261.
LaTeX Encoding Info:    Redeclaring text symbol \textcircledP (encoding TU) on input line 262.
LaTeX Encoding Info:    Redeclaring text symbol \textrecipe (encoding TU) on input line 263.
LaTeX Encoding Info:    Redeclaring text symbol \textservicemark (encoding TU) on input line 264.
LaTeX Encoding Info:    Redeclaring text symbol \texttrademark (encoding TU) on input line 265.
LaTeX Encoding Info:    Redeclaring text symbol \textohm (encoding TU) on input line 266.
LaTeX Encoding Info:    Redeclaring text symbol \textmho (encoding TU) on input line 267.
LaTeX Encoding Info:    Redeclaring text symbol \textestimated (encoding TU) on input line 268.
LaTeX Encoding Info:    Redeclaring text symbol \textleftarrow (encoding TU) on input line 269.
LaTeX Encoding Info:    Redeclaring text symbol \textuparrow (encoding TU) on input line 270.
LaTeX Encoding Info:    Redeclaring text symbol \textrightarrow (encoding TU) on input line 271.
LaTeX Encoding Info:    Redeclaring text symbol \textdownarrow (encoding TU) on input line 272.
LaTeX Encoding Info:    Redeclaring text symbol \textminus (encoding TU) on input line 273.
LaTeX Encoding Info:    Redeclaring text symbol \Hwithstroke (encoding TU) on input line 275.
LaTeX Encoding Info:    Redeclaring text symbol \hwithstroke (encoding TU) on input line 276.
LaTeX Encoding Info:    Redeclaring text command \textasteriskcentered (encoding TU) on input line 277.
LaTeX Encoding Info:    Redeclaring text symbol \textsurd (encoding TU) on input line 288.
LaTeX Encoding Info:    Redeclaring text symbol \textlangle (encoding TU) on input line 289.
LaTeX Encoding Info:    Redeclaring text symbol \textrangle (encoding TU) on input line 290.
LaTeX Encoding Info:    Redeclaring text symbol \textblank (encoding TU) on input line 291.
LaTeX Encoding Info:    Redeclaring text symbol \textvisiblespace (encoding TU) on input line 292.
LaTeX Encoding Info:    Redeclaring text symbol \textopenbullet (encoding TU) on input line 293.
LaTeX Encoding Info:    Redeclaring text symbol \textbigcircle (encoding TU) on input line 294.
LaTeX Encoding Info:    Redeclaring text symbol \textmusicalnote (encoding TU) on input line 295.
LaTeX Encoding Info:    Redeclaring text symbol \textmarried (encoding TU) on input line 296.
LaTeX Encoding Info:    Redeclaring text symbol \textdivorced (encoding TU) on input line 297.
LaTeX Encoding Info:    Redeclaring text symbol \textinterrobangdown (encoding TU) on input line 298.
LaTeX Encoding Info:    Redeclaring text command \` (encoding TU) on input line 299.
LaTeX Encoding Info:    Redeclaring text command \' (encoding TU) on input line 300.
LaTeX Encoding Info:    Redeclaring text command \^ (encoding TU) on input line 301.
LaTeX Encoding Info:    Redeclaring text command \~ (encoding TU) on input line 302.
LaTeX Encoding Info:    Redeclaring text command \= (encoding TU) on input line 303.
LaTeX Encoding Info:    Redeclaring text command \u (encoding TU) on input line 304.
LaTeX Encoding Info:    Redeclaring text command \. (encoding TU) on input line 305.
LaTeX Encoding Info:    Redeclaring text command \" (encoding TU) on input line 306.
LaTeX Encoding Info:    Redeclaring text command \r (encoding TU) on input line 307.
LaTeX Encoding Info:    Redeclaring text command \H (encoding TU) on input line 308.
LaTeX Encoding Info:    Redeclaring text command \v (encoding TU) on input line 309.
LaTeX Encoding Info:    Redeclaring text command \b (encoding TU) on input line 310.
LaTeX Encoding Info:    Redeclaring text command \d (encoding TU) on input line 311.
LaTeX Encoding Info:    Redeclaring text command \c (encoding TU) on input line 312.
LaTeX Encoding Info:    Redeclaring text command \k (encoding TU) on input line 313.
LaTeX Encoding Info:    Redeclaring text command \textcommabelow (encoding TU) on input line 314.
)
Lua function ctex_ltj_add_kyenc:n = 61
Lua function ctex_ltj_is_kenc:n = 62
Lua function ctex_ltj_patch_external_font:n = 63
Lua function ctex_ltj_set_alt_font:nnnn = 64
Lua function ctex_ltj_clear_alt_font:n = 65
Lua function ctex_ltj_pickup_alt_font:nn = 66
Lua function __ctex_ltj_pickup_alt_font:Nn = 67
Lua function __ctex_ltj_if_alt_set:nT = 68
Lua function ctex_ltj_zero_globaldefs: = 69
\symCJKmath=\mathgroup4
LaTeX Font Info:    Overwriting symbol font `CJKmath' in version `bold'
(Font)                  LTJY3/song/m/n --> LTJY3/song/b/n on input line 471.
\g__ctex_ltj_family_int=\count309
\ccwd=\dimen158
\l__ctex_ccglue_skip=\skip51
(load cache: ltj-cid-auto-adobe-gb1.luc)
(c:/texlive/2026/texmf-dist/tex/luatex/chinese-jfm/jfm-zh_CN.lua)
\l__ctex_xkanjiskip_skip=\skip52
\cht=\dimen159
\cdp=\dimen160
\cwd=\dimen161
Lua function ctex_update_kanjisize: = 70)
\l__ctex_ziju_dim=\dimen162
 (c:/texlive/2026/texmf-dist/tex/latex/zhnumber/zhnumber.sty
Package: zhnumber 2022/07/14 v3.0 Typesetting numbers with Chinese glyphs
\l__zhnum_scale_int=\count310
\l__zhnum_tmp_int=\count311
 (c:/texlive/2026/texmf-dist/tex/latex/zhnumber/zhnumber-utf8.cfg
File: zhnumber-utf8.cfg 2022/07/14 v3.0 Chinese numerals with UTF8 encoding
))
\l__ctex_heading_skip=\skip53
 (c:/texlive/2026/texmf-dist/tex/latex/ctex/scheme/ctex-scheme-chinese-book.def
File: ctex-scheme-chinese-book.def 2022/07/14 v2.5.10 Chinese scheme for book (CTEX)
 (c:/texlive/2026/texmf-dist/tex/latex/ctex/config/ctex-name-utf8.cfg
File: ctex-name-utf8.cfg 2022/07/14 v2.5.10 Caption with encoding UTF-8 (CTEX)
)) (c:/texlive/2026/texmf-dist/tex/latex/ctex/ctex-c5size.clo
File: ctex-c5size.clo 2022/07/14 v2.5.10 c5size option (CTEX)
)(load cache: extra_lmroman8-regular.luc) (c:/texlive/2026/texmf-dist/tex/latex/ctex/fontset/ctex-fontset-windows.def
File: ctex-fontset-windows.def 2022/07/14 v2.5.10 Windows fonts definition (CTEX)
luaotfload | cache : Lookup cache loaded from C:/texlive/2026/texmf-var/luatex-cache/generic/names/luaotfload-lookup-cache.luc.(load cache: extra_simsun.luc)(load cache: extra_kaiti.luc)

Package fontspec Info: 
(fontspec)             Could not resolve font "KaiTi/B" (it probably doesn't
(fontspec)             exist).

(load cache: extra_simhei.luc)

Package fontspec Info: 
(fontspec)             Font family 'SimSun(0)' created for font 'SimSun' with
(fontspec)             options
(fontspec)             [NFSSEncoding=LTJY3,JFM=zh_CN/quanjiao,BoldFont={SimHei},ItalicFont={KaiTi},LTJFONTUID=1].
(fontspec)              
(fontspec)              This font family consists of the following NFSS
(fontspec)             series/shapes:
(fontspec)              
(fontspec)             - 'normal' (m/n) with NFSS spec.:
(fontspec)             <->"name:SimSun:mode=node;script=latn;language=dflt;jfm=zh_CN/quanjiao;"
(fontspec)             - 'bold' (b/n) with NFSS spec.:
(fontspec)             <->"name:SimHei:mode=node;script=latn;language=dflt;jfm=zh_CN/quanjiao;"
(fontspec)             - 'italic' (m/it) with NFSS spec.:
(fontspec)             <->"name:KaiTi:mode=node;script=latn;language=dflt;jfm=zh_CN/quanjiao;"
(fontspec)             - 'bold italic' (b/it) with NFSS spec.:
(fontspec)             <->"name:SimHei/I:mode=node;script=latn;language=dflt;jfm=zh_CN/quanjiao;"

)) (c:/texlive/2026/texmf-dist/tex/latex/ctex/config/ctex.cfg
File: ctex.cfg 2022/07/14 v2.5.10 Configuration file (CTEX)
) (c:/texlive/2026/texmf-dist/tex/latex/easybook/easybase.sty
Package: easybase 2025/08/01 v2025ae Easily typesetting Chinese theses or books
 (c:/texlive/2026/texmf-dist/tex/latex/spbmark/spbmark.sty
Package: spbmark 2025/07/14 v1.46y Customize superscripts and subscripts
\g__super_i_outer_box=\box55
\g__super_i_inner_box=\box56
\g__sub_i_outer_box=\box57
\g__sub_i_inner_box=\box58
\g__super_ii_box=\box59
\g__sub_ii_box=\box60
\llastwd=\dimen163
\clastwd=\dimen164
\rlastwd=\dimen165
) (c:/texlive/2026/texmf-dist/tex/latex/enumitem/enumitem.sty
Package: enumitem 2025/02/06 v3.11 Customized lists
\enitkv@toks@=\toks27
\labelindent=\skip54
\enit@outerparindent=\dimen166
\enit@toks=\toks28
\enit@inbox=\box61
\enit@count@id=\count312
\enitdp@description=\count313
) (c:/texlive/2026/texmf-dist/tex/latex/siunitx/siunitx.sty
Package: siunitx 2026-05-15 v3.5.5 A comprehensive (SI) units package
\l__siunitx_number_uncert_offset_int=\count314
\l__siunitx_number_exponent_fixed_int=\count315
\l__siunitx_number_min_decimal_int=\count316
\l__siunitx_number_min_integer_int=\count317
\l__siunitx_number_round_precision_int=\count318
\l__siunitx_number_lower_threshold_int=\count319
\l__siunitx_number_upper_threshold_int=\count320
\l__siunitx_number_group_first_int=\count321
\l__siunitx_number_group_size_int=\count322
\l__siunitx_number_group_min_int=\count323
\l__siunitx_number_group_minimum_int=\count324
\l__siunitx_compound_count_int=\count325
 (c:/texlive/2026/texmf-dist/tex/latex/translations/translations.sty
Package: translations 2022/02/05 v1.12 internationalization of LaTeX2e packages (CN)
) (c:/texlive/2026/texmf-dist/tex/latex/amsmath/amstext.sty
Package: amstext 2024/11/17 v2.01 AMS text
 (c:/texlive/2026/texmf-dist/tex/latex/amsmath/amsgen.sty
File: amsgen.sty 1999/11/30 v2.0 generic functions
\@emptytoks=\toks29
\ex@=\dimen167
))
\l__siunitx_table_tmp_box=\box62
\l__siunitx_table_tmp_dim=\dimen168
\l__siunitx_table_column_width_dim=\dimen169
\l__siunitx_table_integer_box=\box63
\l__siunitx_table_decimal_box=\box64
\l__siunitx_table_uncert_box=\box65
\l__siunitx_table_before_box=\box66
\l__siunitx_table_after_box=\box67
\l__siunitx_table_before_dim=\dimen170
\l__siunitx_table_carry_dim=\dimen171
\l__siunitx_unit_tmp_int=\count326
\l__siunitx_unit_position_int=\count327
\l__siunitx_unit_total_int=\count328
\l__siunitx_sexagesimal_tmp_dim=\dimen172
\l__siunitx_sexagesimal_marker_box=\box68
\l__siunitx_sexagesimal_unit_box=\box69
 (c:/texlive/2026/texmf-dist/tex/latex/tools/array.sty
Package: array 2025/09/25 v2.6n Tabular extension package (FMi)
\col@sep=\dimen173
\ar@mcellbox=\box70
\extrarowheight=\dimen174
\NC@list=\toks30
\extratabsurround=\skip55
\backup@length=\skip56
\ar@cellbox=\box71
)) (c:/texlive/2026/texmf-dist/tex/latex/psnfss/pifont.sty
Package: pifont 2020/03/25 PSNFSS-v9.3 Pi font support (SPQR) 
LaTeX Font Info:    Trying to load font information for U+pzd on input line 63.
 (c:/texlive/2026/texmf-dist/tex/latex/psnfss/upzd.fd
File: upzd.fd 2001/06/04 font definitions for U/pzd.
)
LaTeX Font Info:    Trying to load font information for U+psy on input line 64.
 (c:/texlive/2026/texmf-dist/tex/latex/psnfss/upsy.fd
File: upsy.fd 2001/06/04 font definitions for U/psy.
)) (c:/texlive/2026/texmf-dist/tex/latex/geometry/geometry.sty
Package: geometry 2026/03/07 v6.0 Page Geometry
 (c:/texlive/2026/texmf-dist/tex/generic/iftex/ifvtex.sty
Package: ifvtex 2019/10/25 v1.7 ifvtex legacy package. Use iftex instead.
)
\Gm@cnth=\count329
\Gm@cntv=\count330
\c@Gm@tempcnt=\count331
\Gm@bindingoffset=\dimen175
\Gm@wd@mp=\dimen176
\Gm@odd@mp=\dimen177
\Gm@even@mp=\dimen178
\Gm@layoutwidth=\dimen179
\Gm@layoutheight=\dimen180
\Gm@layouthoffset=\dimen181
\Gm@layoutvoffset=\dimen182
\Gm@dimlist=\toks31
) (c:/texlive/2026/texmf-dist/tex/latex/marginnote/marginnote.sty
Package: marginnote 2026/01/02 1.4d non floating margin notes for LaTeX 
\c@mn@abspage=\count332
) (c:/texlive/2026/texmf-dist/tex/latex/tools/multicol.sty
Package: multicol 2025/10/21 v2.0b multicolumn formatting (FMi)
\c@tracingmulticols=\count333
\mult@box=\box72
\multicol@leftmargin=\dimen183
\c@unbalance=\count334
\c@collectmore=\count335
\doublecol@number=\count336
\multicoltolerance=\count337
\multicolpretolerance=\count338
\full@width=\dimen184
\page@free=\dimen185
\premulticols=\dimen186
\postmulticols=\dimen187
\multicolsep=\skip57
\multicolbaselineskip=\skip58
\partial@page=\box73
\last@line=\box74
\mc@boxedresult=\box75
\maxbalancingoverflow=\dimen188
\mult@rightbox=\box76
\mult@grightbox=\box77
\mult@firstbox=\box78
\mult@gfirstbox=\box79
\@tempa=\box80
\@tempa=\box81
\@tempa=\box82
\@tempa=\box83
\@tempa=\box84
\@tempa=\box85
\@tempa=\box86
\@tempa=\box87
\@tempa=\box88
\@tempa=\box89
\@tempa=\box90
\@tempa=\box91
\@tempa=\box92
\@tempa=\box93
\@tempa=\box94
\@tempa=\box95
\@tempa=\box96
\@tempa=\box97
\@tempa=\box98
\@tempa=\box99
\@tempa=\box100
\@tempa=\box101
\@tempa=\box102
\@tempa=\box103
\@tempa=\box104
\@tempa=\box105
\@tempa=\box106
\@tempa=\box107
\@tempa=\box108
\@tempa=\box109
\@tempa=\box110
\@tempa=\box111
\@tempa=\box112
\@tempa=\box113
\@tempa=\box114
\@tempa=\box115
\c@minrows=\count339
\c@columnbadness=\count340
\c@finalcolumnbadness=\count341
\last@try=\dimen189
\multicolovershoot=\dimen190
\multicolundershoot=\dimen191
\mult@nat@firstbox=\box116
\colbreak@box=\box117
\mc@col@check@num=\count342
\g__mc_curr_col_int=\count343
) (c:/texlive/2026/texmf-dist/tex/latex/fancyhdr/fancyhdr.sty
Package: fancyhdr 2025/02/07 v5.2 Extensive control of page headers and footers
\f@nch@headwidth=\skip59
\f@nch@offset@elh=\skip60
\f@nch@offset@erh=\skip61
\f@nch@offset@olh=\skip62
\f@nch@offset@orh=\skip63
\f@nch@offset@elf=\skip64
\f@nch@offset@erf=\skip65
\f@nch@offset@olf=\skip66
\f@nch@offset@orf=\skip67
\f@nch@height=\skip68
\f@nch@footalignment=\skip69
\f@nch@widthL=\skip70
\f@nch@widthC=\skip71
\f@nch@widthR=\skip72
\@temptokenb=\toks32
) (c:/texlive/2026/texmf-dist/tex/latex/titlesec/titletoc.sty
Package: titletoc 2025/01/04 v2.17 TOC entries
\ttl@leftsep=\dimen192
) (c:/texlive/2026/texmf-dist/tex/latex/caption/caption.sty
Package: caption 2023/08/05 v3.6o Customizing captions (AR)
 (c:/texlive/2026/texmf-dist/tex/latex/caption/caption3.sty
Package: caption3 2023/07/31 v2.4d caption3 kernel (AR)
\caption@tempdima=\dimen193
\captionmargin=\dimen194
\caption@leftmargin=\dimen195
\caption@rightmargin=\dimen196
\caption@width=\dimen197
\caption@indent=\dimen198
\caption@parindent=\dimen199
\caption@hangindent=\dimen256
Package caption Info: Standard document class detected.
)
\c@caption@flags=\count344
\c@continuedfloat=\count345
) (c:/texlive/2026/texmf-dist/tex/latex/tabularray/tabularray.sty
Package: tabularray 2025-11-27 v2025C Typeset tabulars and arrays with LaTeX3
\g__tblr_nohyper_int=\count346
\l__tblr_a_int=\count347
\l__tblr_c_int=\count348
\l__tblr_r_int=\count349
\l__tblr_d_dim=\dimen257
\l__tblr_h_dim=\dimen258
\l__tblr_o_dim=\dimen259
\l__tblr_p_dim=\dimen260
\l__tblr_q_dim=\dimen261
\l__tblr_r_dim=\dimen262
\l__tblr_s_dim=\dimen263
\l__tblr_t_dim=\dimen264
\l__tblr_v_dim=\dimen265
\l__tblr_w_dim=\dimen266
\l__tblr_a_box=\box118
\l__tblr_b_box=\box119
\l__tblr_c_box=\box120
\l__tblr_d_box=\box121
\c@tblrcount=\count350
\c@rownum=\count351
\c@colnum=\count352
\c@rowcount=\count353
\c@colcount=\count354
\abovesep=\dimen267
\belowsep=\dimen268
\leftsep=\dimen269
\rightsep=\dimen270
\gTblrLevelInt=\count355
\g__tblr_data_row_key_count_int=\count356
\g__tblr_data_column_key_count_int=\count357
\g__tblr_data_cell_key_count_int=\count358
\g__tblr_array_int=\count359
\l__tblr_key_count_int=\count360
\l__tblr_key_quotient_int=\count361
\l__tblr_key_quotient_two_int=\count362
\l__tblr_key_remainder_int=\count363
\g__tblr_data_str_value_count_int=\count364
\lTblrChildTotalInt=\count365
\lTblrChildHtotalInt=\count366
\lTblrChildVtotalInt=\count367
\l__child_diff_h_int=\count368
\l__child_diff_v_int=\count369
\l__child_sign_h_int=\count370
\l__child_sign_v_int=\count371
\l__child_step_int=\count372
\lTblrDefaultHruleWidthDim=\dimen271
\lTblrDefaultVruleWidthDim=\dimen272
\l__tblr_split_balance_int=\count373
\l__tblr_strut_dp_dim=\dimen273
\l__tblr_strut_ht_dim=\dimen274
\g__tblr_cell_wd_dim=\dimen275
\g__tblr_cell_ht_dim=\dimen276
\g__tblr_cell_head_dim=\dimen277
\g__tblr_cell_foot_dim=\dimen278
\l__tblr_measured_cell_box=\box122
\g__tblr_last_box=\box123
\l__tblr_temp_box=\box124
\l__tblr_column_target_dim=\dimen279
\l__tblr_hfuzz_dim=\dimen280
\l__tblr_caption_box=\box125
\l__tblr_caption_left_box=\box126
\lTblrRowHeadInt=\count374
\lTblrRowFootInt=\count375
\l__tblr_row_head_box=\box127
\l__tblr_row_foot_box=\box128
\l__tblr_row_head_foot_dim=\dimen281
\lTblrTableWidthDim=\dimen282
\l__tblr_table_firsthead_box=\box129
\l__tblr_table_middlehead_box=\box130
\l__tblr_table_lasthead_box=\box131
\l__tblr_table_firstfoot_box=\box132
\l__tblr_table_middlefoot_box=\box133
\l__tblr_table_lastfoot_box=\box134
\l__tblr_remain_height_dim=\dimen283
\l__tblr_next_rows_dim=\dimen284
\l__tblr_page_overfill_dim=\dimen285
\l__tblr_long_from_int=\count376
\l__tblr_long_to_int=\count377
\l__tblr_curr_i_int=\count378
\l__tblr_prev_i_int=\count379
\lTblrTablePageInt=\count380
\l__tblr_table_head_box=\box135
\l__tblr_table_foot_box=\box136
\l__tblr_table_head_foot_dim=\dimen286
\l__tblr_table_head_body_foot_dim=\dimen287
\l__tblr_table_box=\box137
\lTblrRowFirstInt=\count381
\lTblrRowLastInt=\count382
\l__tblr_cover_box_a_dim=\dimen288
\l__tblr_cover_box_b_dim=\dimen289
\l__tblr_table_hlines_box=\box138
\l__tblr_hline_box=\box139
\l__tblr_row_box=\box140
\l__tblr_col_o_wd_dim=\dimen290
\l__tblr_col_b_wd_dim=\dimen291
\l__tblr_hline_leftskip_dim=\dimen292
\l__tblr_hline_rightskip_dim=\dimen293
\l__tblr_row_ht_dim=\dimen294
\l__tblr_row_dp_dim=\dimen295
\l__tblr_row_abovesep_dim=\dimen296
\l__tblr_row_belowsep_dim=\dimen297
\l__tblr_row_vlines_box=\box141
\l__tblr_vline_box=\box142
\l__tblr_cell_box=\box143
\l__tblr_row_upper_dim=\dimen298
\l__tblr_row_lower_dim=\dimen299
\l__tblr_row_vpace_dim=\dimen300
\l__tblr_vline_aboveskip_dim=\dimen301
\l__tblr_vline_belowskip_dim=\dimen302
\lTblrCellRowSpanInt=\count383
\lTblrCellColSpanInt=\count384
\l__tblr_cell_wd_dim=\dimen303
\l__tblr_cell_ht_dim=\dimen304
\lTblrCellAboveBorderWidthDim=\dimen305
\lTblrCellBelowBorderWidthDim=\dimen306
\lTblrCellLeftBorderWidthDim=\dimen307
\lTblrCellRightBorderWidthDim=\dimen308
\l__tblr_diag_box=\box144
\l__tblr_cell_inner_wd_dim=\dimen309
\l__tblr_cell_inner_dp_dim=\dimen310
\l__tblr_cell_hanchor_dim=\dimen311
\l__tblr_last_cell_table_ht_dim=\dimen312
\l__tblr_last_cell_table_dp_dim=\dimen313
\l__tblr_last_vline_wd_dim=\dimen314
\l__tblr_tikz_node_box=\box145
) (c:/texlive/2026/texmf-dist/tex/latex/graphics/graphicx.sty
Package: graphicx 2024/12/31 v1.2e Enhanced LaTeX Graphics (DPC,SPQR)
 (c:/texlive/2026/texmf-dist/tex/latex/graphics/graphics.sty
Package: graphics 2024/08/06 v1.4g Standard LaTeX Graphics (DPC,SPQR)
 (c:/texlive/2026/texmf-dist/tex/latex/graphics/trig.sty
Package: trig 2023/12/02 v1.11 sin cos tan (DPC)
) (c:/texlive/2026/texmf-dist/tex/latex/graphics-cfg/graphics.cfg
File: graphics.cfg 2016/06/04 v1.11 sample graphics configuration
)
Package graphics Info: Driver file: luatex.def on input line 106.
 (c:/texlive/2026/texmf-dist/tex/latex/graphics-def/luatex.def
File: luatex.def 2025/09/29 v1.2f Graphics/color driver for luatex
))
\Gin@req@height=\dimen315
\Gin@req@width=\dimen316
) (c:/texlive/2026/texmf-dist/tex/latex/xcolor/xcolor.sty
Package: xcolor 2024/09/29 v3.02 LaTeX color extensions (UK)
 (c:/texlive/2026/texmf-dist/tex/latex/graphics-cfg/color.cfg
File: color.cfg 2016/01/02 v1.6 sample color configuration
)
Package xcolor Info: Driver file: luatex.def on input line 274.
 (c:/texlive/2026/texmf-dist/tex/latex/graphics/mathcolor.ltx)
Package xcolor Info: Model `cmy' substituted by `cmy0' on input line 1349.
Package xcolor Info: Model `hsb' substituted by `rgb' on input line 1353.
Package xcolor Info: Model `RGB' extended on input line 1365.
Package xcolor Info: Model `HTML' substituted by `rgb' on input line 1367.
Package xcolor Info: Model `Hsb' substituted by `hsb' on input line 1368.
Package xcolor Info: Model `tHsb' substituted by `hsb' on input line 1369.
Package xcolor Info: Model `HSB' substituted by `hsb' on input line 1370.
Package xcolor Info: Model `Gray' substituted by `gray' on input line 1371.
Package xcolor Info: Model `wave' substituted by `hsb' on input line 1372.
) (c:/texlive/2026/texmf-dist/tex/latex/xcolor/svgnam.def
File: svgnam.def 2024/09/29 v3.02 Predefined colors according to SVG 1.1 (UK)
) (c:/texlive/2026/texmf-dist/tex/latex/ninecolors/ninecolors.sty
Package: ninecolors 2022-02-13 v2022D Select colors with proper color contrast
) (c:/texlive/2026/texmf-dist/tex/latex/listings/listings.sty
\lst@mode=\count385
\lst@gtempboxa=\box146
\lst@token=\toks33
\lst@length=\count386
\lst@currlwidth=\dimen317
\lst@column=\count387
\lst@pos=\count388
\lst@lostspace=\dimen318
\lst@width=\dimen319
\lst@newlines=\count389
\lst@lineno=\count390
\lst@maxwidth=\dimen320
 (c:/texlive/2026/texmf-dist/tex/latex/listings/lstpatch.sty
File: lstpatch.sty 2025/11/14 1.11b (Carsten Heinz)
) (c:/texlive/2026/texmf-dist/tex/latex/listings/lstmisc.sty
File: lstmisc.sty 2025/11/14 1.11b (Carsten Heinz)
\c@lstnumber=\count391
\lst@skipnumbers=\count392
\lst@framebox=\box147
) (c:/texlive/2026/texmf-dist/tex/latex/listings/listings.cfg
File: listings.cfg 2025/11/14 1.11b listings configuration
))
Package: listings 2025/11/14 1.11b (Carsten Heinz)
 (c:/texlive/2026/texmf-dist/tex/luatex/luatexja/patches/lltjp-listings.sty (c:/texlive/2026/texmf-dist/tex/luatex/luatexbase/luatexbase-cctb.sty
Package: luatexbase-cctb 2015/10/04 v1.3 luatexbase interface to LuaTeX (legacy subpackage) 
)
\ltj@lst@japanese@min=\count393
\CatcodeTableLTJlistings=\catcodetable20
\ltj@lst@frame@lslimit@h=\dimen321
\ltj@lst@frame@lslimit@d=\dimen322
 (c:/texlive/2026/texmf-dist/tex/latex/listings/lstmisc.sty
File: lstmisc.sty 2025/11/14 1.11b (Carsten Heinz)
\lst@WFtoken=\toks34
\lst@WF=\write3
))
==> First Aid for listings.sty no longer applied!
    Expected:
        2024/09/23 1.10c (Carsten Heinz)
    but found:
        2025/11/14 1.11b (Carsten Heinz)
    so I'm assuming it got fixed.
\eb@head@rule@wd=\dimen323
\eb@footnote@rule@wd=\dimen324
\c@bichapter=\count394
\c@bisection=\count395
\c@bisubsection=\count396
\l__eb_toc_columns_int=\count397
\eb@toc@lol@skip=\skip73
(c:/texlive/2026/texmf-dist/tex/latex/booktabs/booktabs.sty
Package: booktabs 2020/01/12 v1.61803398 Publication quality tables
\heavyrulewidth=\dimen325
\lightrulewidth=\dimen326
\cmidrulewidth=\dimen327
\belowrulesep=\dimen328
\belowbottomsep=\dimen329
\aboverulesep=\dimen330
\abovetopsep=\dimen331
\cmidrulesep=\dimen332
\cmidrulekern=\dimen333
\defaultaddspace=\dimen334
\@cmidla=\count398
\@cmidlb=\count399
\@aboverulesep=\dimen335
\@belowrulesep=\dimen336
\@thisruleclass=\count400
\@lastruleclass=\count401
\@thisrulewidth=\dimen337
)
\hangwd=\dimen338
\enitdp@eb@eqcomp@list=\count402
\l__eb_eqsymb_width_dim=\dimen339
\l__eb_eqsymb_space_dim=\dimen340
 (c:/texlive/2026/texmf-dist/tex/latex/amscls/amsthm.sty
Package: amsthm 2020/05/29 v2.20.6
\thm@style=\toks35
\thm@bodyfont=\toks36
\thm@headfont=\toks37
\thm@notefont=\toks38
\thm@headpunct=\toks39
\thm@preskip=\skip74
\thm@postskip=\skip75
\thm@headsep=\skip76
\dth@everypar=\toks40
) (c:/texlive/2026/texmf-dist/tex/latex/thmtools/thmtools.sty
Package: thmtools 2023/05/04 v0.76
\thmt@toks=\toks41
\c@thmt@dummyctr=\count403
 (c:/texlive/2026/texmf-dist/tex/latex/thmtools/thm-patch.sty
Package: thm-patch 2023/05/04 v0.76
 (c:/texlive/2026/texmf-dist/tex/latex/thmtools/parseargs.sty
Package: parseargs 2023/05/04 v0.76
\@parsespec=\toks42
)) (c:/texlive/2026/texmf-dist/tex/latex/thmtools/thm-kv.sty
Package: thm-kv 2023/05/04 v0.76
Package thm-kv Info: Theorem names will be uppercased on input line 42.
 (c:/texlive/2026/texmf-dist/tex/latex/kvsetkeys/kvsetkeys.sty
Package: kvsetkeys 2022-10-05 v1.19 Key value parser (HO)
)
Package thm-kv Info: kvsetkeys patch (v1.16 or later) on input line 158.
) (c:/texlive/2026/texmf-dist/tex/latex/thmtools/thm-autoref.sty
Package: thm-autoref 2023/05/04 v0.76
 (c:/texlive/2026/texmf-dist/tex/latex/thmtools/aliasctr.sty
Package: aliasctr 2023/05/04 v0.76
)) (c:/texlive/2026/texmf-dist/tex/latex/thmtools/thm-listof.sty
Package: thm-listof 2023/05/04 v0.76
) (c:/texlive/2026/texmf-dist/tex/latex/thmtools/thm-restate.sty
Package: thm-restate 2023/05/04 v0.76
) (c:/texlive/2026/texmf-dist/tex/latex/thmtools/thm-amsthm.sty
Package: thm-amsthm 2023/05/04 v0.76
\thmt@style@headstyle=\toks43
))
\eb@thmt@loe@skip=\skip77
Package thmtools Info: Key `within' (with value `\bool_if:NT \l__eb_class_mode_book_bool {chapter}')
(thmtools)             is not a known style key.
(thmtools)             Will pass this to every \declaretheorem
(thmtools)             that uses `style=default' on input line 2221.
 (c:/texlive/2026/texmf-dist/tex/latex/l3packages/l3keys2e/l3keys2e.sty
Package: l3keys2e 2025-10-09 LaTeX2e option processing using LaTeX3 keys
) (c:/texlive/2026/texmf-dist/tex/latex/chemformula/chemformula.sty (c:/texlive/2026/texmf-dist/tex/latex/pgf/frontendlayer/tikz.sty (c:/texlive/2026/texmf-dist/tex/latex/pgf/basiclayer/pgf.sty (c:/texlive/2026/texmf-dist/tex/latex/pgf/utilities/pgfrcs.sty (c:/texlive/2026/texmf-dist/tex/generic/pgf/utilities/pgfutil-common.tex
\pgfutil@everybye=\toks44
\pgfutil@tempdima=\dimen341
\pgfutil@tempdimb=\dimen342
) (c:/texlive/2026/texmf-dist/tex/generic/pgf/utilities/pgfutil-latex.def
\pgfutil@abb=\box148
) (c:/texlive/2026/texmf-dist/tex/generic/pgf/utilities/pgfrcs.code.tex (c:/texlive/2026/texmf-dist/tex/generic/pgf/pgf.revision.tex)
Package: pgfrcs 2025-08-29 v3.1.11a (3.1.11a)
))
Package: pgf 2025-08-29 v3.1.11a (3.1.11a)
 (c:/texlive/2026/texmf-dist/tex/latex/pgf/basiclayer/pgfcore.sty (c:/texlive/2026/texmf-dist/tex/latex/pgf/systemlayer/pgfsys.sty (c:/texlive/2026/texmf-dist/tex/generic/pgf/systemlayer/pgfsys.code.tex
Package: pgfsys 2025-08-29 v3.1.11a (3.1.11a)
 (c:/texlive/2026/texmf-dist/tex/generic/pgf/utilities/pgfkeys.code.tex
\pgfkeys@pathtoks=\toks45
\pgfkeys@temptoks=\toks46
 (c:/texlive/2026/texmf-dist/tex/generic/pgf/utilities/pgfkeyslibraryfiltered.code.tex
\pgfkeys@tmptoks=\toks47
))
\pgf@x=\dimen343
\pgf@y=\dimen344
\pgf@xa=\dimen345
\pgf@ya=\dimen346
\pgf@xb=\dimen347
\pgf@yb=\dimen348
\pgf@xc=\dimen349
\pgf@yc=\dimen350
\pgf@xd=\dimen351
\pgf@yd=\dimen352
\w@pgf@writea=\write4
\r@pgf@reada=\read2
\c@pgf@counta=\count404
\c@pgf@countb=\count405
\c@pgf@countc=\count406
\c@pgf@countd=\count407
\t@pgf@toka=\toks48
\t@pgf@tokb=\toks49
\t@pgf@tokc=\toks50
\pgf@sys@id@count=\count408
 (c:/texlive/2026/texmf-dist/tex/generic/pgf/systemlayer/pgf.cfg
File: pgf.cfg 2025-08-29 v3.1.11a (3.1.11a)
)
Driver file for pgf: pgfsys-luatex.def
 (c:/texlive/2026/texmf-dist/tex/generic/pgf/systemlayer/pgfsys-luatex.def
File: pgfsys-luatex.def 2025-08-29 v3.1.11a (3.1.11a)
 (c:/texlive/2026/texmf-dist/tex/generic/pgf/systemlayer/pgfsys-common-pdf.def
File: pgfsys-common-pdf.def 2025-08-29 v3.1.11a (3.1.11a)
))) (c:/texlive/2026/texmf-dist/tex/generic/pgf/systemlayer/pgfsyssoftpath.code.tex
File: pgfsyssoftpath.code.tex 2025-08-29 v3.1.11a (3.1.11a)
\pgfsyssoftpath@smallbuffer@items=\count409
\pgfsyssoftpath@bigbuffer@items=\count410
) (c:/texlive/2026/texmf-dist/tex/generic/pgf/systemlayer/pgfsysprotocol.code.tex
File: pgfsysprotocol.code.tex 2025-08-29 v3.1.11a (3.1.11a)
)) (c:/texlive/2026/texmf-dist/tex/generic/pgf/basiclayer/pgfcore.code.tex
Package: pgfcore 2025-08-29 v3.1.11a (3.1.11a)
 (c:/texlive/2026/texmf-dist/tex/generic/pgf/math/pgfmath.code.tex (c:/texlive/2026/texmf-dist/tex/generic/pgf/math/pgfmathutil.code.tex) (c:/texlive/2026/texmf-dist/tex/generic/pgf/math/pgfmathparser.code.tex
\pgfmath@dimen=\dimen353
\pgfmath@count=\count411
\pgfmath@box=\box149
\pgfmath@toks=\toks51
\pgfmath@stack@operand=\toks52
\pgfmath@stack@operation=\toks53
) (c:/texlive/2026/texmf-dist/tex/generic/pgf/math/pgfmathfunctions.code.tex) (c:/texlive/2026/texmf-dist/tex/generic/pgf/math/pgfmathfunctions.basic.code.tex) (c:/texlive/2026/texmf-dist/tex/generic/pgf/math/pgfmathfunctions.trigonometric.code.tex) (c:/texlive/2026/texmf-dist/tex/generic/pgf/math/pgfmathfunctions.random.code.tex) (c:/texlive/2026/texmf-dist/tex/generic/pgf/math/pgfmathfunctions.comparison.code.tex) (c:/texlive/2026/texmf-dist/tex/generic/pgf/math/pgfmathfunctions.base.code.tex) (c:/texlive/2026/texmf-dist/tex/generic/pgf/math/pgfmathfunctions.round.code.tex) (c:/texlive/2026/texmf-dist/tex/generic/pgf/math/pgfmathfunctions.misc.code.tex) (c:/texlive/2026/texmf-dist/tex/generic/pgf/math/pgfmathfunctions.integerarithmetics.code.tex) (c:/texlive/2026/texmf-dist/tex/generic/pgf/math/pgfmathcalc.code.tex) (c:/texlive/2026/texmf-dist/tex/generic/pgf/math/pgfmathfloat.code.tex
\c@pgfmathroundto@lastzeros=\count412
)) (c:/texlive/2026/texmf-dist/tex/generic/pgf/math/pgfint.code.tex) (c:/texlive/2026/texmf-dist/tex/generic/pgf/basiclayer/pgfcorepoints.code.tex
File: pgfcorepoints.code.tex 2025-08-29 v3.1.11a (3.1.11a)
\pgf@picminx=\dimen354
\pgf@picmaxx=\dimen355
\pgf@picminy=\dimen356
\pgf@picmaxy=\dimen357
\pgf@pathminx=\dimen358
\pgf@pathmaxx=\dimen359
\pgf@pathminy=\dimen360
\pgf@pathmaxy=\dimen361
\pgf@xx=\dimen362
\pgf@xy=\dimen363
\pgf@yx=\dimen364
\pgf@yy=\dimen365
\pgf@zx=\dimen366
\pgf@zy=\dimen367
) (c:/texlive/2026/texmf-dist/tex/generic/pgf/basiclayer/pgfcorepathconstruct.code.tex
File: pgfcorepathconstruct.code.tex 2025-08-29 v3.1.11a (3.1.11a)
\pgf@path@lastx=\dimen368
\pgf@path@lasty=\dimen369
) (c:/texlive/2026/texmf-dist/tex/generic/pgf/basiclayer/pgfcorepathusage.code.tex
File: pgfcorepathusage.code.tex 2025-08-29 v3.1.11a (3.1.11a)
\pgf@shorten@end@additional=\dimen370
\pgf@shorten@start@additional=\dimen371
) (c:/texlive/2026/texmf-dist/tex/generic/pgf/basiclayer/pgfcorescopes.code.tex
File: pgfcorescopes.code.tex 2025-08-29 v3.1.11a (3.1.11a)
\pgfpic=\box150
\pgf@hbox=\box151
\pgf@layerbox@main=\box152
\pgf@picture@serial@count=\count413
) (c:/texlive/2026/texmf-dist/tex/generic/pgf/basiclayer/pgfcoregraphicstate.code.tex
File: pgfcoregraphicstate.code.tex 2025-08-29 v3.1.11a (3.1.11a)
\pgflinewidth=\dimen372
) (c:/texlive/2026/texmf-dist/tex/generic/pgf/basiclayer/pgfcoretransformations.code.tex
File: pgfcoretransformations.code.tex 2025-08-29 v3.1.11a (3.1.11a)
\pgf@pt@x=\dimen373
\pgf@pt@y=\dimen374
\pgf@pt@temp=\dimen375
) (c:/texlive/2026/texmf-dist/tex/generic/pgf/basiclayer/pgfcorequick.code.tex
File: pgfcorequick.code.tex 2025-08-29 v3.1.11a (3.1.11a)
) (c:/texlive/2026/texmf-dist/tex/generic/pgf/basiclayer/pgfcoreobjects.code.tex
File: pgfcoreobjects.code.tex 2025-08-29 v3.1.11a (3.1.11a)
) (c:/texlive/2026/texmf-dist/tex/generic/pgf/basiclayer/pgfcorepathprocessing.code.tex
File: pgfcorepathprocessing.code.tex 2025-08-29 v3.1.11a (3.1.11a)
) (c:/texlive/2026/texmf-dist/tex/generic/pgf/basiclayer/pgfcorearrows.code.tex
File: pgfcorearrows.code.tex 2025-08-29 v3.1.11a (3.1.11a)
\pgfarrowsep=\dimen376
) (c:/texlive/2026/texmf-dist/tex/generic/pgf/basiclayer/pgfcoreshade.code.tex
File: pgfcoreshade.code.tex 2025-08-29 v3.1.11a (3.1.11a)
\pgf@max=\dimen377
\pgf@sys@shading@range@num=\count414
\pgf@shadingcount=\count415
) (c:/texlive/2026/texmf-dist/tex/generic/pgf/basiclayer/pgfcoreimage.code.tex
File: pgfcoreimage.code.tex 2025-08-29 v3.1.11a (3.1.11a)
) (c:/texlive/2026/texmf-dist/tex/generic/pgf/basiclayer/pgfcoreexternal.code.tex
File: pgfcoreexternal.code.tex 2025-08-29 v3.1.11a (3.1.11a)
\pgfexternal@startupbox=\box153
) (c:/texlive/2026/texmf-dist/tex/generic/pgf/basiclayer/pgfcorelayers.code.tex
File: pgfcorelayers.code.tex 2025-08-29 v3.1.11a (3.1.11a)
) (c:/texlive/2026/texmf-dist/tex/generic/pgf/basiclayer/pgfcoretransparency.code.tex
File: pgfcoretransparency.code.tex 2025-08-29 v3.1.11a (3.1.11a)
) (c:/texlive/2026/texmf-dist/tex/generic/pgf/basiclayer/pgfcorepatterns.code.tex
File: pgfcorepatterns.code.tex 2025-08-29 v3.1.11a (3.1.11a)
) (c:/texlive/2026/texmf-dist/tex/generic/pgf/basiclayer/pgfcorerdf.code.tex
File: pgfcorerdf.code.tex 2025-08-29 v3.1.11a (3.1.11a)
))) (c:/texlive/2026/texmf-dist/tex/generic/pgf/modules/pgfmoduleshapes.code.tex
File: pgfmoduleshapes.code.tex 2025-08-29 v3.1.11a (3.1.11a)
\pgfnodeparttextbox=\box154
) (c:/texlive/2026/texmf-dist/tex/generic/pgf/modules/pgfmoduleplot.code.tex
File: pgfmoduleplot.code.tex 2025-08-29 v3.1.11a (3.1.11a)
) (c:/texlive/2026/texmf-dist/tex/latex/pgf/compatibility/pgfcomp-version-0-65.sty
Package: pgfcomp-version-0-65 2025-08-29 v3.1.11a (3.1.11a)
\pgf@nodesepstart=\dimen378
\pgf@nodesepend=\dimen379
) (c:/texlive/2026/texmf-dist/tex/latex/pgf/compatibility/pgfcomp-version-1-18.sty
Package: pgfcomp-version-1-18 2025-08-29 v3.1.11a (3.1.11a)
)) (c:/texlive/2026/texmf-dist/tex/latex/pgf/utilities/pgffor.sty (c:/texlive/2026/texmf-dist/tex/latex/pgf/utilities/pgfkeys.sty (c:/texlive/2026/texmf-dist/tex/generic/pgf/utilities/pgfkeys.code.tex)) (c:/texlive/2026/texmf-dist/tex/latex/pgf/math/pgfmath.sty (c:/texlive/2026/texmf-dist/tex/generic/pgf/math/pgfmath.code.tex)) (c:/texlive/2026/texmf-dist/tex/generic/pgf/utilities/pgffor.code.tex
Package: pgffor 2025-08-29 v3.1.11a (3.1.11a)
\pgffor@iter=\dimen380
\pgffor@skip=\dimen381
\pgffor@stack=\toks54
\pgffor@toks=\toks55
)) (c:/texlive/2026/texmf-dist/tex/generic/pgf/frontendlayer/tikz/tikz.code.tex
Package: tikz 2025-08-29 v3.1.11a (3.1.11a)
 (c:/texlive/2026/texmf-dist/tex/generic/pgf/libraries/pgflibraryplothandlers.code.tex
File: pgflibraryplothandlers.code.tex 2025-08-29 v3.1.11a (3.1.11a)
\pgf@plot@mark@count=\count416
\pgfplotmarksize=\dimen382
)
\tikz@lastx=\dimen383
\tikz@lasty=\dimen384
\tikz@lastxsaved=\dimen385
\tikz@lastysaved=\dimen386
\tikz@lastmovetox=\dimen387
\tikz@lastmovetoy=\dimen388
\tikzleveldistance=\dimen389
\tikzsiblingdistance=\dimen390
\tikz@figbox=\box155
\tikz@figbox@bg=\box156
\tikz@tempbox=\box157
\tikz@tempbox@bg=\box158
\tikztreelevel=\count417
\tikznumberofchildren=\count418
\tikznumberofcurrentchild=\count419
\tikz@fig@count=\count420
 (c:/texlive/2026/texmf-dist/tex/generic/pgf/modules/pgfmodulematrix.code.tex
File: pgfmodulematrix.code.tex 2025-08-29 v3.1.11a (3.1.11a)
\pgfmatrixcurrentrow=\count421
\pgfmatrixcurrentcolumn=\count422
\pgf@matrix@numberofcolumns=\count423
)
\tikz@expandcount=\count424
 (c:/texlive/2026/texmf-dist/tex/generic/pgf/frontendlayer/tikz/libraries/tikzlibrarytopaths.code.tex
File: tikzlibrarytopaths.code.tex 2025-08-29 v3.1.11a (3.1.11a)
))) (c:/texlive/2026/texmf-dist/tex/latex/amsmath/amsmath.sty
Package: amsmath 2025/07/09 v2.17z AMS math features
\@mathmargin=\skip78

For additional information on amsmath, use the `?' option.
(c:/texlive/2026/texmf-dist/tex/latex/amsmath/amsbsy.sty
Package: amsbsy 1999/11/29 v1.2d Bold Symbols
\pmbraise@=\dimen391
) (c:/texlive/2026/texmf-dist/tex/latex/amsmath/amsopn.sty
Package: amsopn 2022/04/08 v2.04 operator names
)
\inf@bad=\count425
LaTeX Info: Redefining \frac on input line 235.
\uproot@=\count426
\leftroot@=\count427
LaTeX Info: Redefining \overline on input line 398.
LaTeX Info: Redefining \colon on input line 409.
\classnum@=\count428
\DOTSCASE@=\count429
LaTeX Info: Redefining \ldots on input line 495.
LaTeX Info: Redefining \dots on input line 498.
LaTeX Info: Redefining \cdots on input line 619.
\Mathstrutbox@=\box159
\strutbox@=\box160
LaTeX Info: Redefining \big on input line 721.
LaTeX Info: Redefining \Big on input line 722.
LaTeX Info: Redefining \bigg on input line 723.
LaTeX Info: Redefining \Bigg on input line 724.
\big@size=\dimen392
LaTeX Font Info:    Redeclaring font encoding OML on input line 742.
LaTeX Font Info:    Redeclaring font encoding OMS on input line 743.
\macc@depth=\count430
LaTeX Info: Redefining \bmod on input line 904.
LaTeX Info: Redefining \pmod on input line 909.
LaTeX Info: Redefining \smash on input line 939.
LaTeX Info: Redefining \relbar on input line 969.
LaTeX Info: Redefining \Relbar on input line 970.
\c@MaxMatrixCols=\count431
\dotsspace@=\muskip17
\c@parentequation=\count432
\dspbrk@lvl=\count433
\tag@help=\toks56
\row@=\count434
\column@=\count435
\maxfields@=\count436
\andhelp@=\toks57
\eqnshift@=\dimen393
\alignsep@=\dimen394
\tagshift@=\dimen395
\tagwidth@=\dimen396
\totwidth@=\dimen397
\lineht@=\dimen398
\@envbody=\toks58
\multlinegap=\skip79
\multlinetaggap=\skip80
\mathdisplay@stack=\toks59
LaTeX Info: Redefining \[ on input line 2950.
LaTeX Info: Redefining \] on input line 2951.
) (c:/texlive/2026/texmf-dist/tex/latex/xfrac/xfrac.sty
Package: xfrac 2024-06-04 Split-level fractions
\l__xfrac_slash_box=\box161
\l__xfrac_tmp_box=\box162
\l__xfrac_denominator_bot_sep_dim=\dimen399
\l__xfrac_numerator_bot_sep_dim=\dimen400
\l__xfrac_numerator_top_sep_dim=\dimen401
\l__xfrac_slash_left_sep_dim=\dimen402
\l__xfrac_slash_right_sep_dim=\dimen403
\l__xfrac_slash_left_muskip=\muskip18
\l__xfrac_slash_right_muskip=\muskip19

LaTeX template Info: Declaring template type 'xfrac' taking 3 argument(s) on
(template)           line 100.


LaTeX template Info: Declaring instance 'cmr' of type xfrac on line 392.


LaTeX template Info: Declaring instance 'cmss' of type xfrac on line 392.


LaTeX template Info: Declaring instance 'cmtt' of type xfrac on line 392.

) (c:/texlive/2026/texmf-dist/tex/latex/units/nicefrac.sty
Package: nicefrac 1998/08/04 v0.9b Nice fractions
\L@UnitsRaiseDisplaystyle=\skip81
\L@UnitsRaiseTextstyle=\skip82
\L@UnitsRaiseScriptstyle=\skip83
 (c:/texlive/2026/texmf-dist/tex/latex/base/ifthen.sty
Package: ifthen 2024/03/16 v1.1e Standard LaTeX ifthen package (DPC)
)) (c:/texlive/2026/texmf-dist/tex/generic/pgf/libraries/pgflibraryarrows.meta.code.tex
File: pgflibraryarrows.meta.code.tex 2025-08-29 v3.1.11a (3.1.11a)
\pgfarrowinset=\dimen404
\pgfarrowlength=\dimen405
\pgfarrowwidth=\dimen406
\pgfarrowlinewidth=\dimen407
)
Package: chemformula 2022/01/23 v4.17 typeset chemical compounds and reactions (CN)
\l__chemformula_tmpa_dim=\dimen408
\l__chemformula_tmpb_dim=\dimen409
\l__chemformula_tmpc_dim=\dimen410
\l__chemformula_tmpa_int=\count437
\l__chemformula_tmpb_int=\count438
\l__chemformula_tmpc_int=\count439
\l__chemformula_tmpa_box=\box163
\l__chemformula_tmpb_box=\box164
\l__chemformula_arrow_length_dim=\dimen411
\l__chemformula_arrow_label_height_dim=\dimen412
\l__chemformula_arrow_label_offset_dim=\dimen413
\l__chemformula_arrow_minimum_length_dim=\dimen414
\l__chemformula_arrow_shortage_dim=\dimen415
\l__chemformula_arrow_offset_dim=\dimen416
\l__chemformula_arrow_yshift_dim=\dimen417
\l__chemformula_radical_radius_dim=\dimen418
\l__chemformula_radical_hshift_dim=\dimen419
\l__chemformula_radical_vshift_dim=\dimen420
\l__chemformula_radical_space_dim=\dimen421
\l__chemformula_arrow_head_dim=\dimen422
\l__chemformula_name_dim=\dimen423
\l__chemformula_adduct_space_dim=\dimen424
\l__chemformula_charge_shift_dim=\dimen425
\l__chemformula_subscript_shift_dim=\dimen426
\l__chemformula_superscript_shift_dim=\dimen427
\l__chemformula_subscript_dim=\dimen428
\l__chemformula_superscript_dim=\dimen429
\l__chemformula_bond_dim=\dimen430
\l__chemformula_bond_space_dim=\dimen431
\l__chemformula_elspec_pair_distance_dim=\dimen432
\l__chemformula_elspec_pair_line_length_dim=\dimen433
\l__chemformula_elspec_pair_width_dim=\dimen434
\l__chemformula_kroegervink_positive_radius_dim=\dimen435
\l__chemformula_kroegervink_positive_hshift_dim=\dimen436
\l__chemformula_kroegervink_positive_vshift_dim=\dimen437
\l__chemformula_kroegervink_positive_space_dim=\dimen438
\l__chemformula_stoich_space_skip=\skip84
\l__chemformula_math_space_skip=\skip85
\l__chemformula_additions_symbol_space_skip=\skip86
\l__chemformula_count_tokens_int=\count440
\g__chemformula_lewis_int=\count441
\l__chemformula_arrow_arg_i_box=\box165
\l__chemformula_arrow_arg_ii_box=\box166
\l__chemformula_superscript_box=\box167
\l__chemformula_subscript_box=\box168
\l__chemformula_plus_space_skip=\skip87
\l__chemformula_minus_space_skip=\skip88
)
\mathindent=\dimen439
 (c:/texlive/2026/texmf-dist/tex/latex/listings/lstlang1.sty
File: lstlang1.sty 2025/11/14 1.11b listings language file
) (c:/texlive/2026/texmf-dist/tex/latex/listings/lstlang2.sty
File: lstlang2.sty 2025/11/14 1.11b listings language file
) (c:/texlive/2026/texmf-dist/tex/latex/listings/lstlang3.sty
File: lstlang3.sty 2025/11/14 1.11b listings language file
) (c:/texlive/2026/texmf-dist/tex/latex/listings/lstlang1.sty
File: lstlang1.sty 2025/11/14 1.11b listings language file
) (c:/texlive/2026/texmf-dist/tex/latex/listings/lstlang2.sty
File: lstlang2.sty 2025/11/14 1.11b listings language file
) (c:/texlive/2026/texmf-dist/tex/latex/listings/lstlang3.sty
File: lstlang3.sty 2025/11/14 1.11b listings language file
) (c:/texlive/2026/texmf-dist/tex/latex/listings/lstlang1.sty
File: lstlang1.sty 2025/11/14 1.11b listings language file
) (c:/texlive/2026/texmf-dist/tex/latex/listings/lstlang2.sty
File: lstlang2.sty 2025/11/14 1.11b listings language file
) (c:/texlive/2026/texmf-dist/tex/latex/listings/lstlang3.sty
File: lstlang3.sty 2025/11/14 1.11b listings language file
) (c:/texlive/2026/texmf-dist/tex/latex/listings/lstmisc.sty
File: lstmisc.sty 2025/11/14 1.11b (Carsten Heinz)
) (c:/texlive/2026/texmf-dist/tex/latex/listings/lstlang1.sty
File: lstlang1.sty 2025/11/14 1.11b listings language file
) (c:/texlive/2026/texmf-dist/tex/latex/listings/lstmisc.sty
File: lstmisc.sty 2025/11/14 1.11b (Carsten Heinz)
) (c:/texlive/2026/texmf-dist/tex/latex/l3packages/xtemplate/xtemplate.sty
Package: xtemplate 2025-10-09 L3 Experimental prototype document functions
)

LaTeX template Info: Declaring template type 'easybook' taking 0 argument(s)
(template)           on line 2607.

) (c:/texlive/2026/texmf-dist/tex/latex/newtx/newtxmath.sty
Package: newtxmath 2024/09/22 v1.754
 `newtxmath' v1.754, 2024/09/22 Math macros based originally on txfonts (msharpe) (c:/texlive/2026/texmf-dist/tex/latex/oberdiek/centernot.sty
Package: centernot 2016/05/16 v1.4 Centers the not symbol horizontally (HO)
)
\tx@cntz=\count442
 (c:/texlive/2026/texmf-dist/tex/generic/kastrup/binhex.tex)
\tx@Isdigit=\count443
\tx@IsAlNum=\count444
\tx@tA=\toks60
\tx@tB=\toks61
\tx@su=\read3

amsthm NOT loaded
LaTeX Font Info:    Redeclaring symbol font `operators' on input line 402.
LaTeX Font Info:    Overwriting symbol font `operators' in version `normal'
(Font)                  OT1/cmr/m/n --> OT1/lmr/m/n on input line 402.
LaTeX Font Info:    Overwriting symbol font `operators' in version `bold'
(Font)                  OT1/cmr/bx/n --> OT1/lmr/m/n on input line 402.
LaTeX Font Info:    Overwriting symbol font `operators' in version `bold'
(Font)                  OT1/lmr/m/n --> OT1/lmr/b/n on input line 403.
LaTeX Font Info:    Redeclaring math alphabet \mathsf on input line 410.
LaTeX Font Info:    Overwriting math alphabet `\mathsf' in version `normal'
(Font)                  OT1/cmss/m/n --> OT1/lmss/m/n on input line 410.
LaTeX Font Info:    Overwriting math alphabet `\mathsf' in version `bold'
(Font)                  OT1/cmss/bx/n --> OT1/lmss/m/n on input line 410.
LaTeX Font Info:    Overwriting math alphabet `\mathsf' in version `bold'
(Font)                  OT1/lmss/m/n --> OT1/lmss/b/n on input line 412.
LaTeX Font Info:    Redeclaring math alphabet \mathit on input line 419.
LaTeX Font Info:    Overwriting math alphabet `\mathit' in version `normal'
(Font)                  OT1/cmr/m/it --> OT1/lmr/m/it on input line 419.
LaTeX Font Info:    Overwriting math alphabet `\mathit' in version `bold'
(Font)                  OT1/cmr/bx/it --> OT1/lmr/m/it on input line 419.
LaTeX Font Info:    Redeclaring math alphabet \mathtt on input line 420.
LaTeX Font Info:    Overwriting math alphabet `\mathtt' in version `normal'
(Font)                  OT1/cmtt/m/n --> TU/lmtt/m/n on input line 420.
LaTeX Font Info:    Overwriting math alphabet `\mathtt' in version `bold'
(Font)                  OT1/cmtt/m/n --> TU/lmtt/m/n on input line 420.
LaTeX Font Info:    Redeclaring math alphabet \mathbf on input line 422.
LaTeX Font Info:    Overwriting math alphabet `\mathbf' in version `normal'
(Font)                  OT1/cmr/bx/n --> OT1/lmr/b/n on input line 422.
LaTeX Font Info:    Overwriting math alphabet `\mathbf' in version `bold'
(Font)                  OT1/cmr/bx/n --> OT1/lmr/b/n on input line 422.
LaTeX Font Info:    Overwriting math alphabet `\mathit' in version `bold'
(Font)                  OT1/lmr/m/it --> OT1/lmr/b/it on input line 423.
LaTeX Font Info:    Overwriting math alphabet `\mathtt' in version `bold'
(Font)                  TU/lmtt/m/n --> TU/lmtt/b/n on input line 426.
LaTeX Font Info:    Redeclaring symbol font `letters' on input line 534.
LaTeX Font Info:    Overwriting symbol font `letters' in version `normal'
(Font)                  OML/cmm/m/it --> OML/ntxmi/m/it on input line 534.
LaTeX Font Info:    Overwriting symbol font `letters' in version `bold'
(Font)                  OML/cmm/b/it --> OML/ntxmi/m/it on input line 534.
LaTeX Font Info:    Overwriting symbol font `letters' in version `bold'
(Font)                  OML/ntxmi/m/it --> OML/ntxmi/b/it on input line 535.
\symlettersA=\mathgroup5
LaTeX Font Info:    Overwriting symbol font `lettersA' in version `bold'
(Font)                  U/ntxmia/m/it --> U/ntxmia/b/it on input line 582.
LaTeX Font Info:    Redeclaring symbol font `symbols' on input line 604.
LaTeX Font Info:    Encoding `OMS' has changed to `LMS' for symbol font
(Font)              `symbols' in the math version `normal' on input line 604.
LaTeX Font Info:    Overwriting symbol font `symbols' in version `normal'
(Font)                  OMS/cmsy/m/n --> LMS/ntxsy/m/n on input line 604.
LaTeX Font Info:    Encoding `OMS' has changed to `LMS' for symbol font
(Font)              `symbols' in the math version `bold' on input line 604.
LaTeX Font Info:    Overwriting symbol font `symbols' in version `bold'
(Font)                  OMS/cmsy/b/n --> LMS/ntxsy/m/n on input line 604.
LaTeX Font Info:    Overwriting symbol font `symbols' in version `bold'
(Font)                  LMS/ntxsy/m/n --> LMS/ntxsy/b/n on input line 605.
\symAMSm=\mathgroup6
LaTeX Font Info:    Overwriting symbol font `AMSm' in version `bold'
(Font)                  U/ntxsym/m/n --> U/ntxsym/b/n on input line 630.
\symsymbolsC=\mathgroup7
LaTeX Font Info:    Overwriting symbol font `symbolsC' in version `bold'
(Font)                  U/ntxsyc/m/n --> U/ntxsyc/b/n on input line 651.
LaTeX Font Info:    Redeclaring symbol font `largesymbols' on input line 664.
LaTeX Font Info:    Encoding `OMX' has changed to `LMX' for symbol font
(Font)              `largesymbols' in the math version `normal' on input line 664.
LaTeX Font Info:    Overwriting symbol font `largesymbols' in version `normal'
(Font)                  OMX/cmex/m/n --> LMX/ntxexx/m/n on input line 664.
LaTeX Font Info:    Encoding `OMX' has changed to `LMX' for symbol font
(Font)              `largesymbols' in the math version `bold' on input line 664.
LaTeX Font Info:    Overwriting symbol font `largesymbols' in version `bold'
(Font)                  OMX/cmex/m/n --> LMX/ntxexx/m/n on input line 664.
LaTeX Font Info:    Overwriting symbol font `largesymbols' in version `bold'
(Font)                  LMX/ntxexx/m/n --> LMX/ntxexx/b/n on input line 665.
\symlargesymbolsTXA=\mathgroup8
LaTeX Font Info:    Overwriting symbol font `largesymbolsTXA' in version `bold'
(Font)                  U/ntxexa/m/n --> U/ntxexa/b/n on input line 679.
\tx@sbptoks=\toks62
LaTeX Font Info:    Redeclaring math delimiter \lfloor on input line 902.
LaTeX Font Info:    Redeclaring math delimiter \rfloor on input line 903.
LaTeX Font Info:    Redeclaring math delimiter \lceil on input line 904.
LaTeX Font Info:    Redeclaring math delimiter \rceil on input line 905.
LaTeX Font Info:    Redeclaring math delimiter \lbrace on input line 910.
LaTeX Font Info:    Redeclaring math delimiter \rbrace on input line 911.
LaTeX Font Info:    Redeclaring math delimiter \langle on input line 913.
LaTeX Font Info:    Redeclaring math delimiter \rangle on input line 915.
LaTeX Font Info:    Redeclaring math delimiter \arrowvert on input line 919.
LaTeX Font Info:    Redeclaring math delimiter \vert on input line 920.
LaTeX Font Info:    Redeclaring math symbol \hbar on input line 966.
LaTeX Font Info:    Redeclaring math accent \dot on input line 991.
LaTeX Font Info:    Redeclaring math accent \ddot on input line 992.
LaTeX Font Info:    Redeclaring math accent \vec on input line 2057.
LaTeX Info: Redefining \Bbbk on input line 2847.
LaTeX Info: Redefining \not on input line 2995.
LaTeX Info: Redefining \textsquare on input line 3025.
LaTeX Info: Redefining \openbox on input line 3027.
) (c:/texlive/2026/texmf-dist/tex/latex/tools/bm.sty
Package: bm 2025/10/21 v1.2g Bold Symbol Support (DPC/FMi)
\symboldoperators=\mathgroup9
\symboldletters=\mathgroup10
\symboldsymbols=\mathgroup11
\symboldlargesymbols=\mathgroup12
LaTeX Font Info:    Redeclaring math alphabet \mathbf on input line 149.
))

Package easybase Warning: The macro package 'listings' has been loaded
(easybase)                repeatedly.

LaTeX Font Info:    Redeclaring symbol font `CJKmath' on input line 4.
LaTeX Font Info:    Overwriting symbol font `CJKmath' in version `normal'
(Font)                  LTJY3/song/m/n --> LTJY3/SimSun(0)/m/n on input line 4.
LaTeX Font Info:    Overwriting symbol font `CJKmath' in version `bold'
(Font)                  LTJY3/song/b/n --> LTJY3/SimSun(0)/m/n on input line 4.
LaTeX Font Info:    Overwriting symbol font `CJKmath' in version `bold'
(Font)                  LTJY3/SimSun(0)/m/n --> LTJY3/SimSun(0)/b/n on input line 4.
Package translations Info: No language package found. I am going to use `english' as default language. on input line 4.
(c:/texlive/2026/texmf-dist/tex/latex/hyperref/hyperref.sty
Package: hyperref 2026-04-24 v7.01q Hypertext links for LaTeX
 (c:/texlive/2026/texmf-dist/tex/generic/kvdefinekeys/kvdefinekeys.sty
Package: kvdefinekeys 2019-12-19 v1.6 Define keys (HO)
) (c:/texlive/2026/texmf-dist/tex/generic/pdfescape/pdfescape.sty
Package: pdfescape 2019/12/09 v1.15 Implements pdfTeX's escape features (HO)
) (c:/texlive/2026/texmf-dist/tex/latex/hycolor/hycolor.sty
Package: hycolor 2020-01-27 v1.10 Color options for hyperref/bookmark (HO)
) (c:/texlive/2026/texmf-dist/tex/latex/hyperref/nameref.sty
Package: nameref 2026-01-29 v2.58 Cross-referencing by name of section
 (c:/texlive/2026/texmf-dist/tex/latex/refcount/refcount.sty
Package: refcount 2019/12/15 v3.6 Data extraction from label references (HO)
) (c:/texlive/2026/texmf-dist/tex/generic/gettitlestring/gettitlestring.sty
Package: gettitlestring 2019/12/15 v1.6 Cleanup title references (HO)
 (c:/texlive/2026/texmf-dist/tex/latex/kvoptions/kvoptions.sty
Package: kvoptions 2022-06-15 v3.15 Key value format for package options (HO)
))
\c@section@level=\count445
) (c:/texlive/2026/texmf-dist/tex/generic/stringenc/stringenc.sty
Package: stringenc 2019/11/29 v1.12 Convert strings between diff. encodings (HO)
)
\@linkdim=\dimen440
\Hy@linkcounter=\count446
\Hy@pagecounter=\count447
 (c:/texlive/2026/texmf-dist/tex/latex/hyperref/pd1enc.def
File: pd1enc.def 2026-04-24 v7.01q Hyperref: PDFDocEncoding definition (HO)
) (c:/texlive/2026/texmf-dist/tex/generic/intcalc/intcalc.sty
Package: intcalc 2019/12/15 v1.3 Expandable calculations with integers (HO)
)
\Hy@SavedSpaceFactor=\count448
 (c:/texlive/2026/texmf-dist/tex/latex/hyperref/puenc.def
File: puenc.def 2026-04-24 v7.01q Hyperref: PDF Unicode definition (HO)
)
Package hyperref Info: Option `unicode' set `true' on input line 4070.
Package hyperref Info: Hyper figures OFF on input line 4199.
Package hyperref Info: Link nesting OFF on input line 4204.
Package hyperref Info: Hyper index ON on input line 4207.
Package hyperref Info: Plain pages OFF on input line 4214.
Package hyperref Info: Backreferencing OFF on input line 4219.
Package hyperref Info: Implicit mode ON; LaTeX internals redefined.
Package hyperref Info: Bookmarks ON on input line 4466.
\c@Hy@tempcnt=\count449
 (c:/texlive/2026/texmf-dist/tex/latex/url/url.sty
\Urlmuskip=\muskip20
Package: url 2013/09/16  ver 3.4  Verb mode for urls, etc.
)
LaTeX Info: Redefining \url on input line 4805.
\XeTeXLinkMargin=\dimen441
 (c:/texlive/2026/texmf-dist/tex/generic/bitset/bitset.sty
Package: bitset 2019/12/09 v1.3 Handle bit-vector datatype (HO)
 (c:/texlive/2026/texmf-dist/tex/generic/bigintcalc/bigintcalc.sty
Package: bigintcalc 2019/12/15 v1.5 Expandable calculations on big integers (HO)
))
\Fld@menulength=\count450
\Field@Width=\dimen442
\Fld@charsize=\dimen443
Package hyperref Info: Hyper figures OFF on input line 6091.
Package hyperref Info: Link nesting OFF on input line 6096.
Package hyperref Info: Hyper index ON on input line 6099.
Package hyperref Info: backreferencing OFF on input line 6106.
Package hyperref Info: Link coloring OFF on input line 6111.
Package hyperref Info: Link coloring with OCG OFF on input line 6116.
Package hyperref Info: PDF/A mode OFF on input line 6121.
\Hy@abspage=\count451
\c@Item=\count452
\c@Hfootnote=\count453
)
Package hyperref Info: Driver (autodetected): hluatex.
 (c:/texlive/2026/texmf-dist/tex/latex/hyperref/hluatex.def
File: hluatex.def 2026-04-24 v7.01q Hyperref driver for luaTeX
\Fld@listcount=\count454
\c@bookmark@seq@number=\count455
 (c:/texlive/2026/texmf-dist/tex/latex/rerunfilecheck/rerunfilecheck.sty
Package: rerunfilecheck 2025-06-21 v1.11 Rerun checks for auxiliary files (HO)
 (c:/texlive/2026/texmf-dist/tex/generic/uniquecounter/uniquecounter.sty
Package: uniquecounter 2019/12/15 v1.4 Provide unlimited unique counter (HO)
)
Package uniquecounter Info: New unique counter `rerunfilecheck' on input line 284.
)
\Hy@SectionHShift=\skip89
)
Package hyperref Info: Option `bookmarksnumbered' set `true' on input line 4.
Package hyperref Info: Option `colorlinks' set `false' on input line 4.
 (./guide.aux)
\openout1 = guide.aux

LaTeX Font Info:    Checking defaults for OML/ntxmi/m/it on input line 4.
LaTeX Font Info:    Trying to load font information for OML+ntxmi on input line 4.
 (c:/texlive/2026/texmf-dist/tex/latex/newtx/omlntxmi.fd
File: omlntxmi.fd 2015/08/25 Fontinst v1.933 font definitions for OML/ntxmi.
)
LaTeX Font Info:    ... okay on input line 4.
LaTeX Font Info:    Checking defaults for OMS/cmsy/m/n on input line 4.
LaTeX Font Info:    ... okay on input line 4.
LaTeX Font Info:    Checking defaults for OT1/cmr/m/n on input line 4.
LaTeX Font Info:    ... okay on input line 4.
LaTeX Font Info:    Checking defaults for T1/cmr/m/n on input line 4.
LaTeX Font Info:    ... okay on input line 4.
LaTeX Font Info:    Checking defaults for TS1/cmr/m/n on input line 4.
LaTeX Font Info:    ... okay on input line 4.
LaTeX Font Info:    Checking defaults for TU/lmr/m/n on input line 4.
LaTeX Font Info:    ... okay on input line 4.
LaTeX Font Info:    Checking defaults for OMX/cmex/m/n on input line 4.
LaTeX Font Info:    ... okay on input line 4.
LaTeX Font Info:    Checking defaults for U/ntxexa/m/n on input line 4.
LaTeX Font Info:    Trying to load font information for U+ntxexa on input line 4.
 (c:/texlive/2026/texmf-dist/tex/latex/newtx/untxexa.fd
File: untxexa.fd 2012/04/16 Fontinst v1.933 font definitions for U/ntxexa.
)
LaTeX Font Info:    ... okay on input line 4.
LaTeX Font Info:    Checking defaults for LTJY3/song/m/n on input line 4.
LaTeX Font Info:    ... okay on input line 4.
LaTeX Font Info:    Checking defaults for LMS/ntxsy/m/n on input line 4.
LaTeX Font Info:    Trying to load font information for LMS+ntxsy on input line 4.
 (c:/texlive/2026/texmf-dist/tex/latex/newtx/lmsntxsy.fd
File: lmsntxsy.fd 2016/07/02 Fontinst v1.933 font definitions for LMS/ntxsy.
)
LaTeX Font Info:    ... okay on input line 4.
LaTeX Font Info:    Checking defaults for LMX/ntxexx/m/n on input line 4.
LaTeX Font Info:    Trying to load font information for LMX+ntxexx on input line 4.
 (c:/texlive/2026/texmf-dist/tex/latex/newtx/lmxntxexx.fd
File: lmxntxexx.fd 2016/07/03 Fontinst v1.933 font definitions for LMX/ntxexx.
)
LaTeX Font Info:    ... okay on input line 4.
LaTeX Font Info:    Checking defaults for PD1/pdf/m/n on input line 4.
LaTeX Font Info:    ... okay on input line 4.
LaTeX Font Info:    Checking defaults for PU/pdf/m/n on input line 4.
LaTeX Font Info:    ... okay on input line 4.
 (c:/texlive/2026/texmf-dist/tex/latex/translations/translations-basic-dictionary-english.trsl
File: translations-basic-dictionary-english.trsl (english translation file `translations-basic-dictionary')
)
Package translations Info: loading dictionary `translations-basic-dictionary' for `english'. on input line 4.

*geometry* driver: auto-detecting
*geometry* detected driver: luatex
*geometry* verbose mode - [ preamble ] result:
* driver: luatex
* paper: a4paper
* layout: <same size as paper>
* layoutoffset:(h,v)=(0.0pt,0.0pt)
* modes: twoside 
* h-part:(L,W,R)=(90.19518pt, 417.11752pt, 90.19518pt)
* v-part:(T,H,B)=(72.2698pt, 700.50723pt, 72.2698pt)
* \paperwidth=597.50787pt
* \paperheight=845.04684pt
* \textwidth=417.11752pt
* \textheight=700.50723pt
* \oddsidemargin=17.92519pt
* \evensidemargin=17.92519pt
* \topmargin=-72.26997pt
* \headheight=60.88887pt
* \headsep=11.38092pt
* \topskip=10.0pt
* \footskip=22.47748pt
* \marginparwidth=72.2698pt
* \marginparsep=8.0pt
* \columnsep=21.07874pt
* \skip\footins=11.38092pt
* \hoffset=0.0pt
* \voffset=0.0pt
* \mag=1000
* \@twocolumnfalse
* \@twosidetrue
* \@mparswitchtrue
* \@reversemarginfalse
* (1in=72.27pt=25.4mm, 1cm=28.453pt)

Package caption Info: Begin \AtBeginDocument code.
Package caption Info: hyperref package is loaded.
Package caption Info: listings package is loaded.
Package caption Info: End \AtBeginDocument code.
(c:/texlive/2026/texmf-dist/tex/context/base/mkii/supp-pdf.mkii
[Loading MPS to PDF converter (version 2006.09.02).]
\scratchcounter=\count456
\scratchdimen=\dimen444
\scratchbox=\box169
\nofMPsegments=\count457
\nofMParguments=\count458
\everyMPshowfont=\toks63
\MPscratchCnt=\count459
\MPscratchDim=\dimen445
\MPnumerator=\count460
\makeMPintoPDFobject=\count461
\everyMPtoPDFconversion=\toks64
) (c:/texlive/2026/texmf-dist/tex/latex/epstopdf-pkg/epstopdf-base.sty
Package: epstopdf-base 2020-01-24 v2.11 Base part for package epstopdf
Package epstopdf-base Info: Redefining graphics rule for `.eps' on input line 485.
 (c:/texlive/2026/texmf-dist/tex/latex/latexconfig/epstopdf-sys.cfg
File: epstopdf-sys.cfg 2010/07/13 v1.3 Configuration of (r)epstopdf for TeX Live
))
\c@lstlisting=\count462
LaTeX Info: Command `\dddot' is already robust on input line 4.
LaTeX Info: Command `\ddddot' is already robust on input line 4.
Package hyperref Info: Link coloring OFF on input line 4.
 (./guide.out) (./guide.out)
\@outlinefile=\write5

\openout5 = guide.out
(load cache: extra_microsoftyahei.luc)(load cache: extra_microsoftyahei-bold.luc)

Package fontspec Info: 
(fontspec)             Could not resolve font "Microsoft YaHei Bold/I" (it
(fontspec)             probably doesn't exist).


Package fontspec Info: 
(fontspec)             Could not resolve font "Microsoft YaHei/BI" (it
(fontspec)             probably doesn't exist).


Package fontspec Info: 
(fontspec)             Could not resolve font "Microsoft YaHei/I" (it probably
(fontspec)             doesn't exist).

(load cache: extra_lmsans10-regular.luc)

Package fontspec Info: 
(fontspec)             Font family 'MicrosoftYaHei(0)' created for font
(fontspec)             'Microsoft YaHei' with options
(fontspec)             [NFSSEncoding=LTJY3,JFM=zh_CN/quanjiao,BoldFont={*
(fontspec)             Bold},LTJFONTUID=2].
(fontspec)              
(fontspec)              This font family consists of the following NFSS
(fontspec)             series/shapes:
(fontspec)              
(fontspec)             - 'normal' (m/n) with NFSS spec.: <->"name:Microsoft
(fontspec)             YaHei:mode=node;script=latn;language=dflt;jfm=zh_CN/quanjiao;"
(fontspec)             - 'bold' (b/n) with NFSS spec.: <->"name:Microsoft
(fontspec)             YaHei
(fontspec)             Bold:mode=node;script=latn;language=dflt;jfm=zh_CN/quanjiao;"

(load cache: extra_lmsans12-regular.luc)(load cache: extra_fangsong.luc)

Package fontspec Info: 
(fontspec)             Could not resolve font "FangSong/BI" (it probably
(fontspec)             doesn't exist).


Package fontspec Info: 
(fontspec)             Could not resolve font "FangSong/B" (it probably
(fontspec)             doesn't exist).


Package fontspec Info: 
(fontspec)             Could not resolve font "FangSong/I" (it probably
(fontspec)             doesn't exist).

(load cache: extra_lmmono10-regular.luc)

Package fontspec Info: 
(fontspec)             Font family 'FangSong(0)' created for font 'FangSong'
(fontspec)             with options
(fontspec)             [NFSSEncoding=LTJY3,JFM=zh_CN/quanjiao,LTJFONTUID=3].
(fontspec)              
(fontspec)              This font family consists of the following NFSS
(fontspec)             series/shapes:
(fontspec)              
(fontspec)             - 'normal' (m/n) with NFSS spec.:
(fontspec)             <->"name:FangSong:mode=node;language=dflt;jfm=zh_CN/quanjiao;"

(load cache: extra_lmmono9-regular.luc)
Removing  `ltj.process_input_buffer' from `process_input_buffer'.
Inserting `ltj.listings_unicode' in `process_input_buffer'.
Inserting `ltj.process_input_buffer' in `process_input_buffer'.
Removing  `ltj.listings_unicode' from `process_input_buffer'.
Removing  `ltj.process_input_buffer' from `process_input_buffer'.
Inserting `ltj.listings_unicode' in `process_input_buffer'.
Inserting `ltj.process_input_buffer' in `process_input_buffer'.
Removing  `ltj.listings_unicode' from `process_input_buffer'.

Package fontspec Info: 
(fontspec)             Could not resolve font "KaiTi/BI" (it probably doesn't
(fontspec)             exist).


Package fontspec Info: 
(fontspec)             Could not resolve font "KaiTi/B" (it probably doesn't
(fontspec)             exist).


Package fontspec Info: 
(fontspec)             Could not resolve font "KaiTi/I" (it probably doesn't
(fontspec)             exist).


Package fontspec Info: 
(fontspec)             Font family 'KaiTi(0)' created for font 'KaiTi' with
(fontspec)             options
(fontspec)             [NFSSEncoding=LTJY3,JFM=zh_CN/quanjiao,LTJFONTUID=7].
(fontspec)              
(fontspec)              This font family consists of the following NFSS
(fontspec)             series/shapes:
(fontspec)              
(fontspec)             - 'normal' (m/n) with NFSS spec.:
(fontspec)             <->"name:KaiTi:mode=node;language=dflt;jfm=zh_CN/quanjiao;"

 [1{c:/texlive/2026/texmf-var/fonts/map/pdftex/updmap/pdftex.map}

]
Removing  `ltj.process_input_buffer' from `process_input_buffer'.
Inserting `ltj.listings_unicode' in `process_input_buffer'.
Inserting `ltj.process_input_buffer' in `process_input_buffer'.
Removing  `ltj.listings_unicode' from `process_input_buffer'.
Removing  `ltj.process_input_buffer' from `process_input_buffer'.
Inserting `ltj.listings_unicode' in `process_input_buffer'.
Inserting `ltj.process_input_buffer' in `process_input_buffer'.
Removing  `ltj.listings_unicode' from `process_input_buffer'.
Removing  `ltj.process_input_buffer' from `process_input_buffer'.
Inserting `ltj.listings_unicode' in `process_input_buffer'.
Inserting `ltj.process_input_buffer' in `process_input_buffer'.
Removing  `ltj.listings_unicode' from `process_input_buffer'.
Removing  `ltj.process_input_buffer' from `process_input_buffer'.
Inserting `ltj.listings_unicode' in `process_input_buffer'.
Inserting `ltj.process_input_buffer' in `process_input_buffer'.
Removing  `ltj.listings_unicode' from `process_input_buffer'.
Removing  `ltj.process_input_buffer' from `process_input_buffer'.
Inserting `ltj.listings_unicode' in `process_input_buffer'.
Inserting `ltj.process_input_buffer' in `process_input_buffer'.
Removing  `ltj.listings_unicode' from `process_input_buffer'.
Overfull \hbox (23.23274pt too wide) in paragraph at lines 89--91
|\LTJY3/SimSun(0)/m/n/10.53937 即 |可 |完 |成 |安 |装 [] |安 |装 |完 |成 |后 |通 |过 |系 |统 |环 |境 |变 |量 |将 \TU/lmr/m/n/10.53937 vcpkg |\LTJY3/SimSun(0)/m/n/10.53937 添 |加 |到 \TU/lmr/m/n/10.53937 PATH |\LTJY3/SimSun(0)/m/n/10.53937 中 |并 |新 |建 []\TU/lmr/m/n/10.53937 VCPKG_ROOT[]
 []

Removing  `ltj.process_input_buffer' from `process_input_buffer'.
Inserting `ltj.listings_unicode' in `process_input_buffer'.
Inserting `ltj.process_input_buffer' in `process_input_buffer'.
Removing  `ltj.listings_unicode' from `process_input_buffer'. [2]
Removing  `ltj.process_input_buffer' from `process_input_buffer'.
Inserting `ltj.listings_unicode' in `process_input_buffer'.
Inserting `ltj.process_input_buffer' in `process_input_buffer'.
Removing  `ltj.listings_unicode' from `process_input_buffer'. [3] (./guide.aux)
 ***********
LaTeX2e <2025-11-01>
L3 programming layer <2022/07/14>
 ***********
Package rerunfilecheck Info: File `guide.out' has not changed.
(rerunfilecheck)             Checksum: 7D198054007752178099DE4E7BEB7ED2;622.
)

Here is how much of LuaTeX's memory you used:
 44544 strings out of 475888
 244352,1648299 words of node,token memory allocated
 876 words of node memory still in use:
   7 hlist, 2 vlist, 2 rule, 2 glue, 4 kern, 1 glyph, 118 attribute, 70 glue_spec, 19 attribute_list, 2 write, 10 user_defined nodes
   avail lists: 1:13,2:49495,3:562,4:4514,5:3185,6:109,7:5581,8:2,9:6814,10:15,11:182,12:4
 66163 multiletter control sequences out of 65536+600000
 55 fonts using 141996143 bytes
 135i,11n,183p,1264b,1769s stack positions out of 10000i,1000n,20000p,200000b,200000s
<c:/texlive/2026/texmf-dist/fonts/opentype/public/lm/lmmono9-regular.otf><c:/texlive/2026/texmf-dist/fonts/opentype/public/lm/lmsans10-regular.otf><c:/Windows/Fonts/msyh.ttc><c:/texlive/2026/texmf-dist/fonts/opentype/public/lm/lmsans12-regular.otf><c:/Windows/Fonts/simsun.ttc><c:/Windows/Fonts/simkai.ttf><c:/texlive/2026/texmf-dist/fonts/opentype/public/lm/lmroman10-regular.otf>
Output written on guide.pdf (3 pages, 173195 bytes).

PDF statistics: 145 PDF objects out of 1000 (max. 8388607)
 117 compressed objects within 2 object streams
 47 named destinations out of 1000 (max. 1048576)
 72 words of extra memory for PDF output out of 10000 (max. 100000000)

